call_id,caller_id,callee_id,start_time,duration_sec,cell_tower_id
1,418,197,2026-08-16T18:18:39,2075,9109
2,210,351,2026-08-11T10:33:42,2913,8272
3,251,86,2026-07-27T10:01:52,131,4613
4,150,17,2026-08-03T19:27:54,2207,5729
5,87,400,2026-08-09T02:09:21,3046,9115
6,282,262,2026-08-24T01:41:50,472,5389
7,397,279,2026-08-01T11:52:40,1507,9880
8,422,388,2026-08-14T21:37:34,2949,8231
9,280,112,2026-08-07T11:41:44,424,5055
10,153,448,2026-07-27T02:52:48,1847,5305
11,179,442,2026-07-28T17:24:06,1803,2923
12,398,416,2026-08-23T21:28:47,3325,6744
13,441,364,2026-08-18T18:12:23,1758,3719
14,316,72,2026-08-24T15:06:49,3337,4390
15,413,31,2026-08-03T05:03:17,2185,5605
16,306,276,2026-08-13T17:11:12,2888,5794
17,149,294,2026-07-31T00:43:39,3519,9428
18,461,348,2026-08-07T18:15:30,560,7743
19,471,31,2026-08-03T08:12:29,3556,3078
20,360,444,2026-08-19T22:55:27,604,6277
21,425,127,2026-07-31T02:57:59,2774,7434
22,251,73,2026-08-12T02:45:59,1105,7786
23,193,232,2026-07-29T14:26:31,3259,2525
24,207,264,2026-07-29T14:07:09,2850,7046
25,233,487,2026-08-12T22:41:03,2388,1040
26,445,255,2026-08-03T03:48:14,2605,6869
27,436,33,2026-08-21T17:22:22,1634,4568
28,496,220,2026-07-31T21:35:47,2031,5399
29,166,425,2026-08-01T19:04:32,2246,3139
30,290,437,2026-08-19T08:51:15,1412,1793
31,24,51,2026-08-06T23:33:42,3432,8529
32,9,64,2026-08-11T01:30:15,652,8230
33,234,1,2026-08-22T19:00:05,1757,4314
34,353,466,2026-08-12T13:07:50,2667,5945
35,82,448,2026-08-16T23:37:14,1127,2529
36,336,185,2026-08-05T01:17:49,1528,3711
37,27,203,2026-07-27T17:21:14,2978,4836
38,220,336,2026-08-14T00:36:31,394,1017
39,110,245,2026-08-13T01:46:17,2436,4705
40,266,349,2026-08-02T05:27:01,38,6629
41,419,62,2026-08-07T20:33:30,1734,3165
42,245,37,2026-07-28T14:29:00,370,2678
43,53,161,2026-08-19T05:53:38,1230,3246
44,196,397,2026-08-16T22:12:02,3586,3181
45,329,347,2026-08-22T19:47:13,2177,1138
46,313,333,2026-08-09T23:50:36,1443,4490
47,322,384,2026-08-22T00:48:25,1691,8248
48,441,112,2026-08-19T11:28:28,416,3293
49,386,64,2026-08-04T21:34:51,1577,6759
50,494,220,2026-08-23T04:43:53,577,5059
51,142,331,2026-08-04T17:54:43,2271,5668
52,399,482,2026-08-22T01:50:23,3477,5942
53,106,266,2026-08-12T13:32:05,777,7418
54,152,445,2026-08-11T09:35:29,3256,4921
55,254,198,2026-08-18T10:11:43,2051,2163
56,271,456,2026-08-09T01:15:08,1484,6185
57,68,199,2026-08-24T17:59:19,2333,7895
58,188,280,2026-08-22T14:32:20,3129,8717
59,489,395,2026-08-03T11:17:23,2410,2106
60,8,135,2026-07-30T00:43:23,252,7520
61,260,147,2026-08-21T11:17:45,2057,7806
62,217,360,2026-08-03T05:05:37,2628,9791
63,276,316,2026-08-17T12:02:47,347,6077
64,41,262,2026-08-10T00:57:35,3314,3545
65,275,168,2026-08-08T11:18:00,2603,2083
66,159,358,2026-08-21T23:29:34,3472,4909
67,30,226,2026-08-13T12:11:36,480,8428
68,314,312,2026-08-17T17:30:59,2733,3877
69,62,7,2026-07-26T17:18:53,2878,1185
70,84,255,2026-08-20T05:57:34,2147,9474
71,401,422,2026-08-14T02:05:37,688,7092
72,65,384,2026-08-04T16:38:21,1105,2934
73,395,461,2026-07-27T14:17:10,3310,8034
74,140,269,2026-08-13T08:39:16,2922,2262
75,255,234,2026-08-07T06:40:57,232,9185
76,440,291,2026-08-11T06:06:42,649,5179
77,396,53,2026-07-29T18:16:28,2766,2889
78,117,380,2026-08-21T20:24:21,185,1201
79,126,24,2026-08-14T11:56:08,1573,3458
80,92,477,2026-08-04T21:41:24,149,7870
81,115,165,2026-08-21T03:03:41,2955,6241
82,139,423,2026-08-19T20:09:46,1532,2956
83,258,345,2026-08-22T10:58:57,739,4656
84,412,265,2026-08-03T04:03:08,1647,2129
85,450,239,2026-08-25T10:43:06,3173,6090
86,168,45,2026-08-09T10:20:43,37,7044
87,103,150,2026-08-11T08:19:56,1249,4974
88,238,189,2026-08-15T13:55:58,2025,4201
89,376,462,2026-08-11T07:39:40,3265,5016
90,78,4,2026-08-01T01:10:34,102,4817
91,278,178,2026-07-31T08:37:22,2845,1157
92,487,379,2026-08-21T02:02:56,1546,6038
93,54,106,2026-07-29T22:09:49,980,7878
94,252,493,2026-07-28T19:28:49,588,5584
95,48,23,2026-08-01T23:40:26,3468,9515
96,212,359,2026-08-04T08:36:19,1882,2391
97,298,49,2026-07-28T04:54:45,2615,7461
98,39,304,2026-08-05T11:54:54,1786,3141
99,122,150,2026-07-31T21:12:15,1295,7438
100,359,426,2026-08-19T05:58:24,1307,8417
101,140,120,2026-08-04T23:43:32,835,3230
102,400,395,2026-07-31T11:31:56,641,2731
103,85,231,2026-07-28T05:32:44,1670,2978
104,275,184,2026-08-23T09:45:12,855,8404
105,158,238,2026-08-14T13:13:35,496,2481
106,81,414,2026-08-19T11:15:43,3389,1660
107,111,428,2026-08-21T05:06:08,612,2494
108,365,128,2026-08-24T08:13:35,1628,9412
109,26,347,2026-08-08T02:39:58,3364,3848
110,16,488,2026-07-29T01:39:54,1857,5093
111,49,237,2026-08-13T11:18:34,3256,3290
112,63,417,2026-08-06T09:38:12,915,3141
113,102,422,2026-08-25T02:27:47,2816,2376
114,299,301,2026-07-30T03:03:00,3334,2228
115,12,34,2026-07-27T07:43:21,2650,8265
116,415,66,2026-08-05T19:40:25,3475,6432
117,63,22,2026-08-19T13:00:18,212,3752
118,474,294,2026-07-30T13:37:57,2972,7471
119,255,16,2026-08-18T09:48:16,1752,3831
120,182,110,2026-07-29T15:11:49,1131,5585
121,229,453,2026-08-13T04:59:07,2520,5026
122,332,152,2026-08-22T18:36:59,2260,8848
123,32,45,2026-08-15T21:05:48,567,7868
124,103,330,2026-08-13T14:28:20,2158,5082
125,323,411,2026-07-29T12:24:02,84,7266
126,401,366,2026-08-25T15:15:19,2235,8940
127,177,468,2026-08-08T14:10:25,1322,7363
128,139,93,2026-08-21T08:49:48,2450,4588
129,16,459,2026-07-28T15:50:25,1155,1959
130,415,242,2026-07-30T02:29:03,3145,4813
131,499,82,2026-08-10T10:33:02,2695,4951
132,137,274,2026-07-30T11:16:38,3023,1916
133,392,486,2026-08-06T04:01:04,3472,7363
134,182,479,2026-08-20T21:43:13,3467,3846
135,91,122,2026-07-31T09:37:41,3307,6878
136,468,303,2026-07-31T14:24:42,2874,6761
137,486,291,2026-08-06T21:37:53,2311,4084
138,429,415,2026-08-21T11:54:22,2021,9882
139,159,90,2026-08-14T09:25:09,374,1920
140,120,309,2026-08-04T21:12:48,2161,8831
141,1,170,2026-08-05T01:28:35,830,3137
142,175,368,2026-08-21T05:32:03,3291,6301
143,31,12,2026-08-07T18:18:21,2891,3320
144,397,57,2026-08-23T08:36:23,3530,6978
145,492,38,2026-08-04T08:54:26,2717,7481
146,301,52,2026-08-22T19:05:11,1326,3235
147,500,81,2026-08-22T18:45:29,1794,8982
148,333,163,2026-08-15T20:12:04,2306,6846
149,115,341,2026-07-31T19:24:32,723,7199
150,158,376,2026-08-23T16:13:17,526,3911
151,374,1,2026-08-13T01:32:01,2351,7415
152,436,395,2026-08-17T22:55:27,137,3983
153,309,163,2026-08-16T10:03:16,2509,4619
154,328,290,2026-07-31T17:45:51,2037,3304
155,170,382,2026-08-03T18:49:22,1425,6234
156,86,326,2026-08-04T10:39:11,368,6500
157,229,6,2026-08-22T09:13:56,1027,2110
158,180,132,2026-08-15T04:19:26,2955,1020
159,25,198,2026-08-20T04:29:08,1723,3725
160,453,212,2026-08-12T01:42:25,1556,6754
161,280,193,2026-08-03T08:45:54,1968,4695
162,84,232,2026-08-21T14:30:54,3469,1547
163,151,11,2026-08-24T19:25:42,433,2215
164,176,88,2026-08-17T04:37:21,664,2228
165,281,483,2026-08-12T18:57:48,386,6536
166,305,315,2026-08-10T23:39:29,2890,1507
167,221,483,2026-08-22T09:22:02,2492,8113
168,81,28,2026-08-11T10:43:32,846,4112
169,210,357,2026-08-13T17:33:38,2994,9849
170,136,339,2026-08-15T16:53:27,977,2571
171,26,202,2026-08-16T14:08:51,3445,9043
172,79,28,2026-08-11T09:19:25,1756,2435
173,151,422,2026-08-25T05:19:44,2463,8869
174,103,50,2026-08-07T08:56:17,704,5781
175,42,243,2026-08-23T00:35:14,1268,7512
176,242,251,2026-08-22T04:10:36,1090,2493
177,329,279,2026-08-06T01:43:13,1524,7249
178,190,96,2026-08-13T21:27:22,1083,8204
179,239,135,2026-08-22T09:33:02,1105,2009
180,78,386,2026-08-08T00:30:41,401,2404
181,343,177,2026-08-13T03:54:59,1700,4727
182,284,32,2026-08-17T15:33:51,3357,9561
183,215,495,2026-08-17T09:51:04,3555,8779
184,294,452,2026-08-14T23:07:12,1229,2293
185,203,463,2026-07-26T16:42:14,147,9226
186,293,462,2026-07-28T08:51:40,2345,3415
187,62,487,2026-08-09T11:55:18,713,3738
188,498,109,2026-08-24T14:35:24,521,1699
189,217,41,2026-07-27T11:28:11,1788,4308
190,422,322,2026-08-20T19:32:05,2442,5225
191,164,467,2026-08-02T05:51:44,3311,2097
192,45,199,2026-08-10T08:08:49,2266,6343
193,439,142,2026-07-27T00:07:45,3582,1202
194,403,359,2026-08-10T06:23:25,2145,7874
195,58,213,2026-08-06T10:59:34,2325,2641
196,474,55,2026-08-06T02:45:46,418,5687
197,445,275,2026-08-10T23:21:59,1086,7275
198,336,249,2026-07-27T17:45:36,1942,1613
199,89,142,2026-08-09T01:59:22,2537,7581
200,20,203,2026-08-22T13:32:25,1362,4892
201,26,382,2026-08-20T12:09:02,1105,7102
202,11,173,2026-08-22T16:38:22,1246,6094
203,144,432,2026-08-23T09:21:09,2856,2609
204,498,445,2026-08-23T10:27:07,1235,8259
205,397,423,2026-08-03T04:43:54,2990,7828
206,310,331,2026-07-31T06:19:42,1814,4463
207,468,422,2026-07-28T12:26:31,1989,9462
208,445,192,2026-08-18T00:50:44,2115,3604
209,34,160,2026-08-12T22:50:42,1657,3222
210,400,436,2026-08-03T06:21:14,2334,1474
211,89,99,2026-08-02T09:44:00,827,1944
212,128,17,2026-08-08T13:12:34,1481,4262
213,141,189,2026-08-13T12:09:31,2073,7503
214,326,473,2026-08-23T22:44:12,130,4963
215,191,251,2026-08-07T19:34:49,732,8775
216,301,283,2026-08-06T23:56:02,674,5237
217,384,426,2026-08-08T03:01:18,1172,1449
218,198,26,2026-08-10T06:21:13,2348,4511
219,439,114,2026-07-31T03:33:12,2780,4387
220,138,334,2026-08-23T09:08:30,87,1145
221,243,467,2026-08-15T02:16:29,714,1138
222,115,130,2026-08-23T07:29:05,1256,5511
223,217,459,2026-08-06T05:48:32,1433,8520
224,130,112,2026-07-30T10:25:20,2778,9530
225,423,320,2026-08-11T10:46:11,424,1120
226,262,340,2026-08-19T02:40:04,3443,7131
227,288,332,2026-08-04T01:55:19,1162,5890
228,351,56,2026-08-19T09:21:33,1382,5529
229,328,167,2026-08-23T15:50:08,1074,5895
230,97,77,2026-07-31T07:34:59,989,1930
231,413,439,2026-08-24T13:58:14,2462,7620
232,339,164,2026-08-10T06:27:34,2959,1417
233,336,255,2026-07-28T12:01:01,1067,7857
234,208,199,2026-08-23T15:53:43,2393,4111
235,176,372,2026-08-14T05:00:34,2816,9759
236,327,402,2026-07-30T11:54:32,2756,6873
237,260,154,2026-07-29T09:37:50,3448,3967
238,151,50,2026-08-11T22:04:05,3039,5237
239,372,414,2026-08-12T13:50:39,754,6499
240,336,46,2026-08-16T18:28:38,919,6031
241,216,404,2026-08-15T21:45:32,2403,5817
242,238,436,2026-08-01T12:54:57,224,2166
243,242,456,2026-08-06T16:37:16,495,7253
244,272,153,2026-08-24T22:12:30,3571,3470
245,71,103,2026-07-27T05:47:53,2337,8496
246,74,162,2026-08-14T06:06:20,743,2324
247,250,171,2026-07-29T07:32:23,729,6134
248,325,30,2026-08-10T11:34:28,1125,4430
249,390,397,2026-08-21T03:25:37,3136,3595
250,251,403,2026-07-28T16:27:24,365,3120
251,315,223,2026-08-11T04:30:24,1657,8029
252,495,245,2026-08-21T21:32:23,159,9745
253,103,375,2026-08-23T02:38:50,62,6279
254,388,427,2026-08-02T22:44:58,78,1067
255,321,376,2026-08-11T13:15:45,2845,6641
256,160,67,2026-08-20T01:48:59,2066,6015
257,86,34,2026-08-06T09:43:24,1226,5764
258,234,373,2026-08-03T02:57:50,2151,6535
259,223,455,2026-07-29T03:20:09,553,6615
260,462,251,2026-08-14T18:13:03,776,3701
261,486,465,2026-08-17T07:39:23,1657,1313
262,117,115,2026-08-24T13:51:19,3011,1359
263,302,259,2026-08-23T14:41:47,1506,1612
264,193,449,2026-08-20T04:31:42,3164,9761
265,320,25,2026-07-31T01:25:49,201,2771
266,335,429,2026-08-06T11:13:28,2830,2897
267,214,228,2026-08-16T15:43:03,2246,5140
268,243,360,2026-08-09T18:05:52,2852,1152
269,155,216,2026-08-14T19:53:42,2718,9524
270,139,319,2026-08-02T20:55:23,566,7862
271,426,461,2026-08-02T02:29:15,2949,2928
272,145,59,2026-08-12T00:08:25,2043,4254
273,312,103,2026-07-30T16:38:53,3410,9571
274,499,104,2026-08-18T18:53:13,1683,5839
275,83,21,2026-08-23T10:15:09,855,8875
276,170,121,2026-07-29T01:55:39,2756,2458
277,465,57,2026-08-22T07:07:11,2745,9095
278,77,487,2026-08-15T01:34:03,2100,2229
279,371,52,2026-08-08T10:22:41,2644,4787
280,234,152,2026-07-30T19:36:01,210,2635
281,417,90,2026-08-15T00:47:37,3495,5760
282,185,411,2026-08-20T01:08:32,1749,2898
283,49,436,2026-08-16T18:41:41,192,1158
284,437,71,2026-08-02T00:22:27,703,6384
285,184,458,2026-08-02T05:36:42,2551,5395
286,450,376,2026-08-19T00:47:29,3343,6615
287,94,59,2026-08-22T20:06:12,1874,5453
288,428,198,2026-08-05T07:17:21,1963,7909
289,333,454,2026-08-19T08:52:31,468,3171
290,357,372,2026-08-14T21:03:21,3463,3611
291,54,214,2026-08-23T10:07:28,1982,8178
292,93,313,2026-08-05T04:56:54,1473,1472
293,442,351,2026-08-22T22:17:01,2983,3140
294,248,472,2026-08-25T14:09:51,1689,8220
295,24,33,2026-08-21T03:16:08,1292,1202
296,361,445,2026-08-07T15:22:23,3148,4669
297,490,343,2026-08-07T10:47:37,2131,9570
298,353,359,2026-07-30T03:56:50,1777,5072
299,247,178,2026-08-08T14:41:17,2632,7305
300,77,430,2026-08-16T13:32:20,2515,1894
301,6,330,2026-08-11T09:16:40,2075,8688
302,437,254,2026-08-23T15:35:09,311,9055
303,165,124,2026-07-31T00:51:41,1144,1824
304,260,115,2026-08-01T03:34:58,1555,7607
305,419,121,2026-08-15T18:20:02,1824,8341
306,46,439,2026-08-16T05:56:12,1299,2944
307,255,382,2026-08-13T10:02:37,425,7609
308,212,19,2026-08-12T14:17:03,5,2489
309,406,310,2026-08-04T22:24:45,2616,5990
310,456,261,2026-08-11T06:09:48,2686,8474
311,487,175,2026-08-12T09:52:36,227,4652
312,433,233,2026-08-24T12:23:35,3148,8751
313,367,337,2026-07-27T20:40:44,1858,2868
314,50,389,2026-08-10T11:36:56,13,6592
315,182,425,2026-08-03T21:40:22,3281,5783
316,281,268,2026-08-12T15:55:30,440,1750
317,460,85,2026-08-25T14:25:32,3371,7704
318,55,131,2026-08-17T03:41:17,773,2978
319,477,437,2026-08-02T18:22:01,1877,4122
320,367,174,2026-08-17T01:39:11,1702,1761
321,475,325,2026-07-28T20:45:44,2416,3018
322,396,457,2026-08-07T00:30:40,2702,9260
323,69,494,2026-08-05T09:07:34,2177,1795
324,284,479,2026-08-13T20:00:32,2401,8912
325,474,261,2026-08-03T06:13:08,730,3845
326,375,418,2026-07-30T20:27:25,1591,6273
327,259,452,2026-08-01T03:23:55,2499,5067
328,141,204,2026-07-29T08:01:03,1209,8419
329,413,69,2026-08-07T11:38:52,2472,9393
330,154,432,2026-08-02T20:31:56,3530,6143
331,365,378,2026-08-09T15:39:12,2596,4560
332,103,108,2026-07-27T08:28:35,1195,6657
333,472,345,2026-08-12T08:24:58,2914,3913
334,258,278,2026-08-01T02:07:27,1325,2890
335,390,181,2026-08-10T11:57:51,2392,7839
336,346,383,2026-08-17T12:50:09,2191,5684
337,450,434,2026-08-18T13:27:09,57,9564
338,55,13,2026-07-27T18:58:46,222,1927
339,103,137,2026-08-11T19:08:25,664,5695
340,350,129,2026-08-05T19:59:23,259,5835
341,105,386,2026-08-21T19:17:52,1474,8415
342,53,316,2026-08-05T23:19:43,3033,4675
343,381,332,2026-08-05T13:55:18,978,9370
344,402,408,2026-08-22T05:06:23,1183,1769
345,475,196,2026-08-21T02:07:30,3233,6122
346,495,283,2026-08-08T05:50:04,3051,5117
347,104,318,2026-08-22T07:52:28,3529,8259
348,425,116,2026-08-19T03:14:33,2891,7025
349,387,302,2026-08-02T13:09:28,2476,4218
350,398,372,2026-07-27T13:54:01,1209,8353
351,91,350,2026-08-13T23:15:16,716,9418
352,62,164,2026-08-23T23:43:33,2284,5329
353,67,83,2026-08-21T06:14:29,1049,1092
354,170,239,2026-07-28T19:08:10,639,1654
355,79,476,2026-08-08T02:06:15,213,5934
356,252,405,2026-08-03T22:54:46,1471,2194
357,402,363,2026-07-29T14:30:33,905,4012
358,267,35,2026-08-09T11:22:33,657,7814
359,279,275,2026-08-05T10:18:14,1436,4624
360,453,110,2026-08-25T16:27:26,1361,6911
361,151,112,2026-08-08T20:32:30,2537,9691
362,244,288,2026-07-29T06:19:29,2664,1144
363,59,343,2026-08-18T06:11:41,989,4994
364,491,21,2026-07-27T02:11:10,1319,7248
365,469,408,2026-07-29T22:04:05,1585,5203
366,277,371,2026-08-14T13:16:49,2122,7143
367,264,412,2026-08-08T20:34:32,1998,1718
368,152,460,2026-08-13T04:09:42,1317,9419
369,43,486,2026-07-31T22:10:43,3172,9814
370,274,4,2026-07-27T14:42:14,868,4492
371,443,351,2026-08-09T21:15:29,430,4368
372,276,425,2026-08-14T10:48:29,3041,8130
373,332,419,2026-08-06T21:48:25,3064,3519
374,13,236,2026-08-14T04:01:30,160,2433
375,38,28,2026-08-20T08:58:06,1036,2154
376,295,421,2026-07-31T12:31:22,1064,7678
377,199,231,2026-08-11T00:00:32,1778,6183
378,9,200,2026-08-19T05:08:54,2195,1096
379,329,369,2026-08-24T16:09:19,3101,1745
380,359,435,2026-08-21T11:47:20,2064,2738
381,149,403,2026-07-30T23:01:39,2489,2417
382,145,392,2026-08-04T17:40:05,1567,7473
383,421,339,2026-08-05T08:10:57,645,9740
384,113,70,2026-08-19T23:46:35,3268,9941
385,152,492,2026-08-17T22:04:07,1225,7113
386,491,487,2026-08-22T21:43:27,3588,3316
387,64,22,2026-07-27T17:30:43,2448,7456
388,276,281,2026-07-28T14:47:27,1253,4441
389,384,380,2026-08-07T16:42:31,1413,4469
390,212,464,2026-08-21T09:17:22,2104,3333
391,83,95,2026-08-10T11:44:32,3424,5140
392,100,59,2026-08-11T21:06:46,3280,1891
393,436,385,2026-08-19T11:17:21,2253,8557
394,331,364,2026-08-14T18:49:12,280,5107
395,51,102,2026-08-03T07:24:01,2000,6420
396,183,66,2026-07-27T13:52:52,965,2639
397,146,146,2026-08-12T12:30:14,1306,8960
398,231,169,2026-08-12T18:29:04,1257,3496
399,290,291,2026-08-12T22:31:17,1300,8017
400,87,3,2026-08-10T08:42:42,3223,4629
401,365,379,2026-08-07T03:40:28,1138,6889
402,69,348,2026-08-20T00:28:35,3600,8863
403,237,229,2026-08-09T01:53:51,1256,8978
404,283,56,2026-07-29T16:43:21,2489,2343
405,431,144,2026-08-08T04:41:39,578,9824
406,101,135,2026-08-14T11:33:45,2571,2252
407,373,39,2026-07-28T02:48:22,3484,9309
408,324,16,2026-08-22T15:01:38,2376,7637
409,394,303,2026-08-09T06:55:32,155,5269
410,279,458,2026-08-06T15:17:56,1938,3435
411,188,201,2026-08-03T01:13:44,3167,5767
412,69,238,2026-08-12T06:41:09,375,7500
413,187,258,2026-08-14T18:10:32,983,3717
414,388,264,2026-08-02T08:23:47,657,3935
415,290,486,2026-07-30T22:45:52,3577,3395
416,377,375,2026-08-14T05:46:46,1474,1662
417,113,390,2026-08-20T23:09:22,262,5331
418,190,125,2026-08-25T10:01:48,2126,6918
419,199,241,2026-08-06T17:26:56,195,1653
420,333,166,2026-08-15T22:42:16,2140,5480
421,428,380,2026-08-07T08:31:00,2234,3848
422,193,335,2026-08-23T11:57:04,2412,2275
423,265,129,2026-08-03T02:26:30,917,9460
424,208,181,2026-08-16T09:20:37,1418,8976
425,406,247,2026-08-10T20:25:42,32,9222
426,452,72,2026-08-25T01:46:55,947,2263
427,264,330,2026-08-11T16:07:14,620,4062
428,81,186,2026-08-17T11:47:46,3351,2938
429,339,118,2026-08-22T00:13:27,1357,2856
430,247,346,2026-08-02T02:00:06,868,3641
431,332,427,2026-08-05T17:21:56,1003,1706
432,66,294,2026-08-02T09:55:46,556,9399
433,21,457,2026-08-23T21:25:33,234,3725
434,133,473,2026-08-21T23:11:56,1665,1305
435,450,369,2026-08-05T12:11:04,3369,5644
436,485,44,2026-08-02T09:23:07,2489,8723
437,445,247,2026-08-10T16:29:07,3406,7730
438,308,74,2026-08-21T02:45:13,3365,3979
439,320,338,2026-08-02T06:03:24,691,6614
440,473,233,2026-08-16T13:32:14,286,4765
441,194,198,2026-08-02T17:35:27,72,4315
442,268,441,2026-08-23T02:34:02,2808,7877
443,424,77,2026-08-03T08:36:55,731,8796
444,462,315,2026-08-11T02:23:09,3600,9706
445,258,386,2026-07-29T23:29:06,1980,3135
446,462,309,2026-08-22T17:49:28,9,8069
447,268,216,2026-08-21T13:25:16,182,9680
448,220,118,2026-08-01T10:24:26,1979,7246
449,180,302,2026-08-04T15:00:33,3124,2600
450,218,69,2026-08-11T02:30:14,3141,4809
451,466,440,2026-08-02T18:01:20,2455,9908
452,210,132,2026-07-28T02:49:36,2909,1116
453,296,268,2026-08-11T03:46:26,34,7144
454,336,106,2026-08-15T18:52:04,1298,7698
455,186,55,2026-08-15T15:37:08,2673,5155
456,134,438,2026-08-10T09:54:08,2317,6990
457,314,142,2026-08-17T04:36:49,1632,4337
458,212,283,2026-08-08T23:28:18,1981,3928
459,190,287,2026-08-03T01:31:08,1044,6024
460,296,177,2026-08-04T19:26:04,1635,3262
461,438,443,2026-07-31T20:52:25,3068,4764
462,229,401,2026-08-02T01:44:17,667,2642
463,110,261,2026-08-04T15:43:16,1391,1852
464,83,200,2026-07-27T22:59:57,26,2492
465,422,75,2026-08-25T09:29:10,2463,8133
466,46,33,2026-08-25T15:16:15,1523,2311
467,312,20,2026-08-08T15:23:36,1646,9536
468,147,365,2026-08-25T02:03:23,240,3871
469,328,254,2026-08-23T05:07:45,831,9489
470,147,500,2026-08-25T09:55:46,2117,4795
471,315,87,2026-08-06T21:30:26,1478,4919
472,336,1,2026-08-24T15:17:12,360,5520
473,400,205,2026-08-06T22:59:18,1623,7642
474,301,103,2026-08-06T21:30:30,3023,2124
475,471,47,2026-07-27T22:52:00,2979,6703
476,178,494,2026-08-13T03:02:45,931,4187
477,233,477,2026-07-30T13:04:18,24,5277
478,90,209,2026-08-18T19:45:28,2293,2185
479,258,151,2026-08-02T04:41:54,484,9409
480,490,132,2026-08-20T01:43:36,3335,5098
481,356,227,2026-08-25T01:00:58,2311,8923
482,395,125,2026-08-18T10:37:30,3181,8517
483,349,236,2026-08-13T20:10:13,3535,1448
484,247,60,2026-08-04T14:49:27,1572,4610
485,347,360,2026-08-14T11:54:00,1298,7757
486,490,181,2026-08-19T13:03:06,44,5314
487,128,148,2026-08-18T16:32:52,2764,6603
488,39,284,2026-08-02T08:41:24,1956,6142
489,182,112,2026-08-03T15:18:03,1107,3994
490,485,383,2026-08-05T01:38:24,783,9175
491,378,103,2026-08-06T16:06:12,996,5348
492,106,118,2026-07-28T06:01:34,1027,6833
493,80,399,2026-08-15T12:31:01,326,9071
494,315,4,2026-07-27T09:58:08,2222,1692
495,435,247,2026-08-08T18:53:03,1296,9066
496,460,452,2026-08-15T17:42:26,3563,5501
497,252,94,2026-08-06T11:46:14,2098,5591
498,204,114,2026-08-05T12:47:39,530,1887
499,270,410,2026-08-05T14:48:29,2219,1533
500,258,178,2026-07-29T21:31:49,2816,3863
501,235,500,2026-08-04T06:47:13,2127,8537
502,162,353,2026-08-17T00:16:49,2766,4452
503,195,298,2026-08-25T15:24:08,1486,5254
504,96,281,2026-08-19T11:18:03,1108,8722
505,491,314,2026-08-11T11:00:25,758,9171
506,218,108,2026-08-17T21:33:16,3085,7099
507,187,438,2026-08-07T16:00:00,1851,3947
508,293,68,2026-08-16T10:36:52,2814,4744
509,417,52,2026-08-15T08:10:48,3298,4863
510,285,222,2026-07-28T17:12:26,808,3389
511,410,492,2026-08-25T04:45:57,1942,1159
512,91,216,2026-08-14T03:38:38,3484,9470
513,274,369,2026-08-10T21:01:41,1998,5915
514,129,288,2026-08-14T19:41:41,200,7527
515,51,354,2026-08-25T08:55:51,887,5166
516,244,430,2026-08-23T10:49:40,1847,6483
517,134,185,2026-08-24T12:18:36,2288,5222
518,177,11,2026-08-21T17:08:49,1443,4259
519,296,295,2026-08-21T04:24:50,2210,3859
520,400,146,2026-07-28T13:20:44,2762,9363
521,250,397,2026-08-20T23:04:34,326,7243
522,315,147,2026-07-31T23:50:19,598,3745
523,328,414,2026-08-17T14:38:21,1732,7631
524,435,465,2026-08-17T20:48:13,668,6629
525,117,161,2026-07-28T17:53:39,1198,5382
526,310,331,2026-08-07T14:45:45,1827,6950
527,383,301,2026-08-20T20:48:30,1849,7782
528,86,95,2026-08-21T19:08:20,517,4844
529,339,129,2026-08-14T21:23:47,2875,2311
530,108,86,2026-07-28T14:12:27,396,2045
531,480,450,2026-08-22T18:14:41,225,1431
532,395,204,2026-08-14T11:49:38,345,2702
533,135,317,2026-08-20T17:48:26,2687,7387
534,159,118,2026-07-29T01:54:34,1168,8260
535,321,65,2026-08-04T21:40:04,3439,3795
536,15,18,2026-08-09T19:43:28,3529,6328
537,443,244,2026-08-17T00:35:36,3572,9856
538,479,140,2026-08-15T00:13:34,558,9835
539,91,303,2026-08-10T11:18:26,2589,8126
540,269,328,2026-08-09T13:35:26,1273,6688
541,247,277,2026-08-18T01:59:04,371,8239
542,158,188,2026-08-03T18:26:49,642,5973
543,6,1,2026-08-16T04:40:48,3110,3233
544,177,147,2026-08-09T23:29:59,39,9059
545,485,387,2026-08-25T10:49:45,42,8052
546,409,150,2026-07-29T08:01:39,3268,1118
547,281,192,2026-08-20T18:47:21,2301,8161
548,203,128,2026-08-02T14:11:50,3024,7385
549,425,194,2026-08-18T04:35:05,329,7917
550,321,123,2026-08-17T14:44:33,3281,5454
551,146,333,2026-07-31T01:50:50,3317,5404
552,212,97,2026-08-19T23:47:04,752,3238
553,149,57,2026-08-01T04:19:50,2535,8418
554,140,359,2026-08-04T09:55:29,774,6253
555,10,78,2026-08-24T02:34:19,2196,1362
556,96,498,2026-08-22T05:05:11,1107,3048
557,367,225,2026-08-02T06:07:11,958,2477
558,78,8,2026-08-14T18:25:55,1405,7885
559,160,403,2026-08-15T18:18:27,1526,8597
560,357,406,2026-08-11T09:20:07,333,3393
561,29,137,2026-08-17T13:47:46,297,9899
562,241,93,2026-07-27T21:30:02,3451,5097
563,419,196,2026-08-04T08:53:05,504,5078
564,198,395,2026-08-17T17:03:08,1017,1549
565,102,236,2026-08-24T08:14:36,389,9538
566,341,107,2026-08-05T11:44:38,2796,6113
567,480,166,2026-08-17T18:13:13,2987,1691
568,382,480,2026-07-31T01:32:34,505,5150
569,247,327,2026-08-07T19:50:35,1481,1853
570,443,342,2026-08-11T10:03:02,467,4866
571,325,223,2026-08-03T15:32:34,690,5523
572,300,62,2026-08-01T16:24:56,1000,1146
573,497,22,2026-07-31T02:43:17,2834,8786
574,353,306,2026-08-01T05:29:16,3162,2466
575,128,81,2026-08-17T12:03:47,2814,6544
576,477,497,2026-08-13T07:20:08,2565,1983
577,31,183,2026-07-30T19:51:55,2877,9787
578,406,55,2026-08-21T02:46:03,958,6189
579,286,404,2026-08-14T07:58:13,1801,4161
580,11,353,2026-08-20T12:36:38,2972,3207
581,129,461,2026-08-25T09:35:32,2899,8168
582,287,151,2026-08-03T10:46:21,2012,4109
583,291,96,2026-08-14T01:40:07,1330,8674
584,141,445,2026-08-22T09:40:31,3529,3627
585,36,272,2026-08-14T03:54:55,1216,5314
586,278,188,2026-07-28T19:37:49,3183,9289
587,195,376,2026-08-03T23:34:17,81,6965
588,398,318,2026-08-11T23:00:15,2958,2037
589,338,496,2026-08-23T03:19:17,1592,4110
590,269,350,2026-08-02T23:20:35,2263,3525
591,314,145,2026-08-03T13:21:51,2630,6276
592,57,50,2026-08-02T16:57:21,278,1717
593,428,481,2026-08-04T08:52:15,3582,1512
594,104,55,2026-07-29T04:15:25,409,1521
595,293,329,2026-08-16T01:19:27,2699,9026
596,270,320,2026-08-10T15:23:40,1053,1804
597,188,114,2026-08-10T17:05:27,295,1214
598,477,472,2026-08-17T08:24:16,2017,2310
599,240,411,2026-08-09T16:55:47,1483,7814
600,421,189,2026-08-04T11:00:08,243,5355
601,271,21,2026-08-01T09:26:11,3422,5979
602,40,484,2026-08-02T01:46:02,2132,2591
603,52,372,2026-08-05T12:48:55,1583,4104
604,99,270,2026-07-26T20:35:32,2339,3931
605,286,384,2026-08-07T23:22:18,3061,2728
606,393,327,2026-07-27T06:41:57,2767,8515
607,360,341,2026-08-17T22:50:00,431,3733
608,406,93,2026-08-19T20:15:15,2072,6529
609,337,81,2026-08-19T21:26:11,2462,8258
610,478,181,2026-08-22T01:42:03,2258,6319
611,433,191,2026-07-26T23:10:33,2598,8054
612,423,372,2026-08-25T04:49:43,990,9939
613,110,193,2026-08-19T15:24:23,3054,5162
614,185,493,2026-08-07T05:37:28,1631,1003
615,372,18,2026-08-06T05:09:08,2445,1267
616,266,70,2026-08-24T06:33:01,1241,1107
617,154,114,2026-08-18T18:43:14,1294,1355
618,396,421,2026-08-17T17:07:11,3373,5521
619,471,284,2026-08-15T14:20:13,2342,3534
620,49,20,2026-08-17T03:17:53,644,3267
621,136,188,2026-07-30T12:59:22,1028,4817
622,132,416,2026-08-24T20:56:39,2341,7550
623,292,470,2026-08-24T19:38:44,321,6319
624,406,248,2026-07-27T00:08:03,3387,2562
625,305,329,2026-08-07T13:35:15,2998,7251
626,41,400,2026-08-22T06:10:31,3162,6478
627,179,451,2026-08-09T04:30:04,1711,2974
628,446,395,2026-08-22T18:04:02,2678,1187
629,325,399,2026-08-05T18:23:29,226,5993
630,269,22,2026-07-29T01:28:14,2318,3450
631,168,258,2026-08-04T15:49:49,632,1827
632,345,375,2026-08-02T21:12:25,1830,9269
633,47,114,2026-07-29T08:37:48,3225,7460
634,76,68,2026-08-12T15:06:49,1954,1807
635,281,205,2026-07-28T11:15:33,1637,9221
636,223,397,2026-08-02T17:50:58,3126,3209
637,247,287,2026-07-28T06:15:44,1624,4212
638,288,316,2026-08-23T18:00:10,2152,5034
639,125,37,2026-08-24T23:21:16,1766,6298
640,351,474,2026-08-10T04:11:08,465,7776
641,217,188,2026-08-11T18:14:54,1318,6644
642,305,336,2026-07-30T22:39:25,1253,3773
643,180,316,2026-07-29T01:36:06,3293,8245
644,320,75,2026-07-31T23:20:21,3356,4825
645,103,351,2026-08-15T22:15:58,3108,2405
646,58,498,2026-08-04T08:09:01,2548,3419
647,445,427,2026-08-03T12:26:42,61,6624
648,356,412,2026-08-09T11:48:12,1848,8719
649,12,170,2026-08-25T08:26:50,2208,4471
650,105,280,2026-08-24T13:39:54,1064,9991
651,248,319,2026-08-23T11:14:01,583,1301
652,193,299,2026-08-22T23:27:36,2162,1712
653,131,88,2026-08-04T07:11:04,827,5444
654,28,239,2026-08-17T18:58:59,39,2091
655,199,339,2026-08-23T19:01:14,3495,6901
656,443,443,2026-08-13T04:07:34,2664,7332
657,119,195,2026-07-28T10:13:58,2911,2631
658,463,162,2026-07-31T04:58:33,2450,9709
659,46,96,2026-08-10T05:10:46,1880,1352
660,21,127,2026-08-11T08:35:26,1253,6465
661,251,202,2026-08-13T13:53:26,80,6681
662,351,181,2026-08-14T01:58:20,1243,4869
663,257,142,2026-07-29T23:18:48,2568,5221
664,450,199,2026-08-16T10:20:40,3342,1482
665,484,285,2026-08-22T09:49:17,928,3485
666,175,460,2026-07-29T20:07:12,567,2438
667,374,196,2026-08-09T21:39:03,2782,4726
668,214,124,2026-08-18T13:01:02,1751,6118
669,466,310,2026-08-02T05:13:59,2225,3158
670,106,335,2026-08-01T14:38:36,2222,4314
671,442,71,2026-08-09T00:11:48,2893,9582
672,466,70,2026-08-11T16:01:54,3159,3378
673,336,478,2026-08-21T06:32:13,652,6201
674,35,286,2026-08-15T18:32:20,2951,2939
675,95,163,2026-08-21T03:43:59,601,1483
676,392,164,2026-08-05T20:57:49,1700,7737
677,156,227,2026-08-05T20:02:17,3370,5485
678,78,399,2026-08-25T09:34:13,543,4026
679,14,391,2026-07-29T12:15:57,2532,5372
680,311,291,2026-07-31T23:49:20,2447,4804
681,119,352,2026-08-23T10:10:01,330,8808
682,69,258,2026-08-21T08:44:36,1925,7126
683,95,437,2026-07-30T22:37:07,1945,3253
684,84,99,2026-08-19T03:59:03,1678,1245
685,474,139,2026-08-25T01:05:36,916,4323
686,388,105,2026-08-09T15:04:24,1804,9027
687,353,167,2026-08-16T10:01:46,1015,8005
688,208,398,2026-08-25T05:49:53,3016,7232
689,369,161,2026-08-11T01:12:43,3046,9784
690,269,329,2026-08-08T07:00:07,3228,1630
691,267,56,2026-08-21T04:36:04,3392,1694
692,450,126,2026-08-23T14:33:57,1625,1643
693,286,199,2026-08-12T20:44:42,2588,1807
694,98,150,2026-08-01T23:36:10,1252,5684
695,237,86,2026-08-25T12:10:32,2516,1893
696,354,265,2026-08-22T23:59:33,1903,8400
697,47,370,2026-08-19T18:49:13,741,9952
698,70,202,2026-08-20T21:58:38,1851,1408
699,92,233,2026-08-19T20:23:11,2923,4308
700,452,341,2026-08-19T14:17:07,2838,3686
701,368,376,2026-08-04T10:04:59,472,8362
702,325,186,2026-08-25T06:29:07,2902,7292
703,373,406,2026-08-06T23:36:59,2512,3619
704,194,282,2026-08-09T18:55:09,3151,3799
705,468,172,2026-08-05T01:59:04,2706,3459
706,84,445,2026-07-26T18:19:04,3155,1840
707,215,158,2026-08-01T10:11:50,3153,8311
708,148,321,2026-07-27T20:25:21,543,4323
709,2,319,2026-08-18T06:06:25,55,8514
710,255,438,2026-08-01T09:52:10,3312,1094
711,312,452,2026-08-05T18:02:02,893,8794
712,233,210,2026-08-25T13:21:42,2467,1107
713,126,452,2026-08-15T19:33:27,2543,4401
714,26,95,2026-08-15T18:52:08,2680,6718
715,19,75,2026-07-28T21:28:42,2737,5889
716,170,472,2026-08-11T21:22:20,451,7831
717,92,83,2026-08-12T15:50:52,2508,3906
718,495,234,2026-08-22T21:24:26,1480,1587
719,48,394,2026-08-05T23:52:03,1514,7208
720,420,35,2026-07-27T05:38:18,3459,2063
721,150,242,2026-08-05T10:52:34,2850,5496
722,169,270,2026-08-09T08:35:42,864,4425
723,314,30,2026-08-08T00:53:38,2993,9666
724,45,248,2026-07-29T23:30:39,2482,5705
725,219,312,2026-08-10T15:03:25,1068,9608
726,295,320,2026-08-10T06:19:56,536,9132
727,267,374,2026-08-20T06:48:44,2022,3947
728,453,313,2026-08-22T09:15:54,1194,4171
729,1,61,2026-08-11T09:52:29,2566,2932
730,378,435,2026-07-26T23:37:10,2525,7793
731,212,24,2026-08-01T05:06:19,2300,4478
732,6,328,2026-08-11T20:46:43,1158,5168
733,405,35,2026-08-12T06:11:28,2080,6307
734,393,4,2026-08-14T21:54:25,1370,6592
735,203,371,2026-08-23T07:19:03,124,3877
736,100,170,2026-08-25T14:09:37,2759,8849
737,470,243,2026-07-28T02:24:01,2649,3224
738,247,80,2026-08-04T05:05:55,3548,9797
739,459,172,2026-08-05T02:31:14,3339,7782
740,476,381,2026-08-11T17:33:13,2139,5904
741,290,372,2026-08-12T02:12:03,2279,9779
742,10,107,2026-08-18T22:40:39,1363,6793
743,34,497,2026-08-18T17:18:33,3448,1510
744,174,193,2026-07-28T09:54:16,3455,3719
745,293,311,2026-08-02T06:38:27,2442,2914
746,443,401,2026-08-19T01:27:32,2893,6152
747,364,17,2026-08-03T05:30:51,360,9143
748,450,122,2026-08-18T01:08:05,3402,5958
749,111,269,2026-08-21T18:05:19,464,7131
750,402,20,2026-08-11T22:54:25,384,8270
751,260,13,2026-08-18T03:17:34,2053,3524
752,98,175,2026-08-15T18:45:58,3005,9579
753,159,398,2026-07-29T09:44:48,3156,2609
754,421,481,2026-08-20T23:34:13,548,4361
755,371,19,2026-08-10T05:14:12,2928,9558
756,60,3,2026-08-23T02:40:55,185,2426
757,171,240,2026-08-11T00:03:48,427,9529
758,393,338,2026-08-22T15:18:15,97,6114
759,328,457,2026-08-21T16:49:40,826,4154
760,147,142,2026-07-27T14:17:04,3170,8227
761,344,61,2026-08-05T19:07:10,650,5483
762,59,8,2026-08-23T17:11:35,2297,9422
763,53,106,2026-08-11T18:57:25,2255,6218
764,139,73,2026-08-12T20:26:41,3298,5641
765,294,126,2026-07-29T21:37:11,1280,6549
766,277,228,2026-08-02T22:25:44,123,8712
767,463,260,2026-08-09T07:14:08,225,2410
768,219,201,2026-07-28T04:47:43,2446,8304
769,316,183,2026-08-12T03:37:02,3353,4246
770,366,389,2026-08-13T21:39:47,2190,2286
771,499,473,2026-08-21T14:56:58,1912,3159
772,48,417,2026-08-03T17:50:40,2866,8672
773,50,234,2026-08-23T09:43:04,2644,8625
774,241,119,2026-08-25T02:09:18,593,5227
775,468,187,2026-08-14T14:21:13,2870,6412
776,404,441,2026-08-04T18:47:18,1861,8987
777,16,34,2026-08-24T13:55:29,1444,8842
778,237,434,2026-08-01T08:36:35,3150,6711
779,310,295,2026-08-10T15:38:59,426,7646
780,419,366,2026-08-10T22:53:40,1339,2162
781,406,155,2026-07-28T05:19:32,1646,7773
782,123,318,2026-08-08T20:47:36,656,8903
783,197,34,2026-08-15T18:40:08,3338,8063
784,402,223,2026-07-30T21:36:10,1406,9921
785,356,121,2026-08-19T19:35:11,2747,2276
786,379,477,2026-08-07T05:20:57,3432,8972
787,59,304,2026-08-13T17:24:08,1337,2599
788,421,228,2026-08-17T14:59:06,1667,2140
789,307,56,2026-08-10T09:03:50,2447,7208
790,168,254,2026-08-06T04:17:50,256,2483
791,112,419,2026-08-21T04:15:44,2383,1003
792,388,76,2026-08-10T08:42:08,1860,9704
793,150,200,2026-08-04T04:22:50,1836,4205
794,106,349,2026-08-01T03:14:06,1232,5989
795,471,483,2026-08-13T20:28:08,2945,6640
796,46,299,2026-07-28T12:02:40,2095,7622
797,434,66,2026-08-05T11:56:16,260,7049
798,462,282,2026-07-31T04:22:03,8,6885
799,57,441,2026-08-17T05:30:37,132,4854
800,222,360,2026-08-20T06:00:09,2565,6212
801,365,196,2026-07-27T21:31:38,1787,9931
802,109,340,2026-08-19T02:49:10,574,4083
803,285,197,2026-08-19T23:04:53,1480,7835
804,79,148,2026-08-03T03:59:23,2749,3056
805,69,6,2026-08-04T22:05:19,69,3359
806,370,454,2026-08-12T04:44:23,1793,3224
807,44,71,2026-08-19T03:45:42,1708,8471
808,458,404,2026-08-21T02:32:48,1748,3945
809,233,261,2026-08-10T18:04:12,3364,8373
810,197,182,2026-08-11T13:51:08,1744,1121
811,296,256,2026-08-02T15:25:36,974,9220
812,138,211,2026-07-31T10:56:50,2365,7012
813,18,20,2026-08-20T17:49:49,2892,7038
814,58,298,2026-08-02T03:06:10,2833,2311
815,73,374,2026-08-05T15:32:11,3524,5578
816,239,445,2026-07-28T11:03:46,2503,2449
817,126,242,2026-08-17T23:40:44,2723,2279
818,351,325,2026-08-14T12:02:56,2379,6119
819,314,28,2026-08-21T01:03:07,2196,1176
820,241,233,2026-08-01T07:26:05,1926,6431
821,216,181,2026-07-26T21:15:52,1189,3744
822,19,356,2026-08-10T18:47:44,3074,5981
823,373,402,2026-07-28T19:46:29,256,8752
824,297,87,2026-08-24T12:52:16,2693,5780
825,415,378,2026-07-30T21:55:36,1179,8942
826,43,65,2026-08-11T20:47:12,3492,5552
827,130,68,2026-08-18T08:25:33,1132,5209
828,8,380,2026-07-28T22:13:58,720,3476
829,338,229,2026-07-31T16:35:58,723,5280
830,401,359,2026-08-20T22:59:35,745,9640
831,442,17,2026-08-10T20:32:33,350,3376
832,305,479,2026-07-27T18:40:03,3435,9125
833,386,212,2026-08-23T17:22:55,979,8211
834,372,327,2026-08-10T20:08:56,2371,6653
835,28,329,2026-08-05T20:57:50,3361,2900
836,27,86,2026-08-11T06:19:43,1955,5937
837,244,383,2026-08-05T10:08:24,2186,4828
838,195,350,2026-08-05T00:48:28,1948,5302
839,75,272,2026-08-09T14:21:04,53,5731
840,475,409,2026-08-09T02:47:46,2784,6172
841,493,272,2026-08-21T12:37:20,173,2595
842,470,273,2026-08-11T04:18:45,3463,8074
843,313,471,2026-08-17T02:24:47,1121,6488
844,139,137,2026-08-01T09:32:57,1050,7408
845,237,396,2026-08-08T22:08:28,995,4193
846,267,173,2026-08-02T22:26:50,741,6132
847,281,6,2026-08-03T07:58:20,3411,2113
848,7,211,2026-08-08T23:17:10,430,8306
849,180,113,2026-08-01T05:49:55,1036,4163
850,18,13,2026-07-27T10:15:05,237,4552
851,487,307,2026-08-22T20:29:14,2905,2965
852,45,439,2026-08-20T15:24:00,1544,4027
853,459,57,2026-07-31T15:45:07,1042,5826
854,240,339,2026-08-05T17:09:22,2621,8429
855,473,142,2026-08-22T00:34:04,2840,6298
856,132,83,2026-08-12T16:37:34,1140,2022
857,196,199,2026-08-22T08:32:00,251,5230
858,490,417,2026-08-11T03:32:16,1809,2137
859,252,476,2026-08-08T20:16:28,1613,3923
860,331,252,2026-08-02T13:24:06,2219,8065
861,112,315,2026-08-09T10:30:24,1813,5243
862,53,265,2026-08-23T13:19:52,3188,8305
863,10,460,2026-08-07T13:43:04,2679,1014
864,478,20,2026-08-04T00:01:33,1096,3483
865,359,169,2026-07-30T03:28:48,2358,1060
866,264,363,2026-08-10T19:15:26,2014,8833
867,224,207,2026-08-25T10:58:44,3203,2148
868,277,116,2026-08-12T03:08:07,2828,8898
869,63,291,2026-08-21T22:17:38,1475,6463
870,350,156,2026-08-17T05:21:47,2594,2485
871,188,274,2026-07-29T03:34:35,1397,2318
872,431,236,2026-08-02T00:01:23,1192,4327
873,91,260,2026-07-28T02:15:18,2711,4129
874,154,357,2026-08-18T12:55:22,442,6886
875,250,44,2026-07-29T03:15:41,1798,4104
876,72,19,2026-07-31T19:53:23,2953,4907
877,251,200,2026-08-14T07:24:07,2219,6041
878,256,274,2026-07-29T07:09:27,3330,8361
879,495,9,2026-07-30T20:48:45,234,6533
880,404,59,2026-08-16T09:20:40,872,9570
881,235,482,2026-08-14T17:05:32,3585,9791
882,77,380,2026-08-04T09:00:23,300,1604
883,377,73,2026-08-24T15:00:28,83,8720
884,465,471,2026-08-24T11:05:13,999,3138
885,8,89,2026-08-17T07:54:46,3366,2594
886,234,313,2026-08-25T14:32:07,2425,2047
887,419,55,2026-08-12T22:48:30,2442,4613
888,33,412,2026-08-10T20:29:45,1386,7586
889,167,62,2026-08-11T19:40:15,2364,9943
890,71,165,2026-08-05T07:20:03,3253,4493
891,392,24,2026-08-21T14:01:51,1379,2035
892,62,141,2026-07-30T11:59:18,1705,3753
893,357,190,2026-08-18T07:03:01,1801,4991
894,474,298,2026-08-23T05:59:54,414,7162
895,399,81,2026-08-02T02:01:43,1999,2322
896,4,92,2026-07-31T04:43:52,2899,5648
897,214,356,2026-08-18T10:03:25,3169,8798
898,355,65,2026-07-31T09:47:44,2625,5439
899,268,231,2026-08-17T19:16:12,719,1616
900,306,93,2026-08-10T18:06:31,2511,2442
901,322,424,2026-08-18T06:42:08,1429,7861
902,3,286,2026-08-18T12:42:06,486,9686
903,49,317,2026-08-06T22:25:09,3122,9842
904,260,113,2026-08-06T13:12:55,2570,4409
905,142,28,2026-08-02T15:55:26,3267,3444
906,351,433,2026-08-25T15:15:56,1948,9151
907,91,82,2026-08-08T05:07:45,181,1885
908,331,187,2026-08-13T07:55:31,1785,5118
909,172,316,2026-08-14T17:16:43,3111,8424
910,23,54,2026-08-04T14:05:52,2206,3881
911,81,403,2026-08-11T17:20:09,2114,2901
912,37,459,2026-08-11T10:51:00,1826,6340
913,215,102,2026-08-17T16:35:20,1339,4769
914,399,57,2026-08-19T08:27:45,406,4884
915,378,212,2026-07-28T03:44:10,1543,4615
916,38,242,2026-07-29T20:37:55,227,8141
917,75,111,2026-08-18T18:16:50,1868,3917
918,199,192,2026-08-01T03:59:56,2953,4181
919,324,184,2026-08-12T17:56:03,833,6503
920,66,17,2026-08-18T22:08:46,249,5597
921,70,57,2026-08-18T01:51:41,1883,7852
922,88,390,2026-08-03T23:28:27,1213,3568
923,405,407,2026-08-09T09:19:47,2509,3784
924,296,497,2026-08-12T14:38:33,945,2416
925,211,439,2026-08-25T00:42:00,3536,4546
926,303,243,2026-08-23T14:01:29,1148,1237
927,374,220,2026-08-01T20:54:03,1015,5060
928,168,223,2026-08-20T08:16:49,2428,3440
929,468,294,2026-07-31T16:24:02,1716,1724
930,21,241,2026-08-15T09:08:04,2070,1550
931,218,272,2026-07-31T21:07:06,3321,2605
932,232,254,2026-08-11T12:08:30,2292,1203
933,355,375,2026-08-22T16:26:15,897,3174
934,184,152,2026-07-30T03:06:30,376,1260
935,246,343,2026-08-10T08:28:09,2885,8524
936,440,293,2026-08-21T13:10:10,104,8452
937,238,396,2026-08-18T01:33:02,2885,7641
938,95,405,2026-08-15T03:27:40,2572,8607
939,361,325,2026-08-24T08:30:01,2574,2158
940,198,458,2026-08-15T18:10:15,2179,1535
941,152,219,2026-08-07T06:26:11,2864,9887
942,295,407,2026-08-07T12:23:48,2809,2326
943,318,451,2026-08-22T06:52:58,229,9433
944,485,466,2026-08-03T09:44:53,216,2818
945,197,188,2026-08-19T02:28:59,172,6989
946,188,90,2026-08-14T07:39:16,2892,2097
947,288,364,2026-07-29T21:26:29,571,6487
948,123,277,2026-08-12T05:26:12,1964,4437
949,386,382,2026-08-05T19:05:28,1317,6778
950,460,137,2026-08-24T09:00:22,1737,5540
951,28,33,2026-08-16T14:48:01,1858,8966
952,257,270,2026-08-16T19:41:59,1930,9714
953,348,423,2026-08-23T05:19:30,1202,8405
954,318,189,2026-08-12T07:10:08,2844,2075
955,97,457,2026-08-22T02:53:45,362,2313
956,201,460,2026-08-07T03:36:57,320,2791
957,85,142,2026-08-04T02:08:07,611,9131
958,78,448,2026-07-30T11:13:46,2574,1371
959,151,214,2026-08-23T13:27:14,2222,3163
960,243,178,2026-08-19T07:26:29,3026,1351
961,150,97,2026-08-01T05:40:18,3575,4806
962,428,486,2026-08-24T10:23:46,1380,7745
963,297,176,2026-08-24T14:57:15,3227,6346
964,249,304,2026-08-18T03:48:12,2176,9986
965,228,235,2026-08-11T11:34:08,545,6021
966,88,405,2026-08-22T15:12:00,1988,7093
967,498,148,2026-07-31T10:15:04,198,3430
968,181,146,2026-08-17T07:11:26,686,3634
969,365,275,2026-08-04T05:44:01,723,3514
970,83,122,2026-08-10T15:21:49,1301,3072
971,226,134,2026-08-15T09:15:36,845,1568
972,341,163,2026-07-30T01:34:29,610,7109
973,230,277,2026-08-24T17:29:54,2190,5940
974,63,487,2026-07-31T23:10:22,2050,3381
975,486,235,2026-08-24T15:20:19,644,1070
976,497,379,2026-08-14T01:56:21,2083,6427
977,332,362,2026-08-11T13:56:03,1192,3409
978,410,290,2026-08-19T16:22:18,1815,6549
979,353,58,2026-07-29T16:06:29,169,3284
980,348,283,2026-07-31T01:57:16,106,7580
981,317,431,2026-08-06T06:00:43,1468,2515
982,168,29,2026-08-02T10:19:33,804,9625
983,114,401,2026-08-23T21:07:11,1143,4206
984,12,43,2026-07-26T16:41:27,1829,2431
985,500,263,2026-08-02T19:25:24,2013,6206
986,309,310,2026-08-02T22:19:33,234,6915
987,204,76,2026-08-17T16:13:46,1756,7056
988,198,191,2026-08-21T11:26:02,1417,6756
989,158,229,2026-08-09T20:06:07,363,4533
990,373,455,2026-08-14T14:50:19,1707,8249
991,148,84,2026-08-25T13:40:10,1741,7786
992,72,428,2026-08-23T17:48:54,357,3353
993,107,156,2026-08-17T09:27:18,3558,9606
994,172,34,2026-08-05T04:26:39,2424,7156
995,46,4,2026-08-05T16:05:21,1124,7791
996,90,285,2026-08-11T01:20:21,2331,3243
997,103,96,2026-08-10T05:41:35,1190,9037
998,22,422,2026-08-23T08:53:46,3423,5979
999,253,287,2026-08-10T11:18:09,924,1439
1000,406,2,2026-08-16T18:58:11,1234,8742
1001,64,335,2026-08-12T09:34:24,1183,7834
1002,92,252,2026-07-31T00:30:12,2646,5009
1003,15,62,2026-08-23T23:24:08,2024,2093
1004,307,382,2026-07-27T01:56:08,1973,8144
1005,445,133,2026-08-25T08:54:52,1954,2959
1006,192,263,2026-08-20T11:09:46,76,5252
1007,84,298,2026-08-15T07:24:00,1314,8553
1008,450,355,2026-08-01T21:05:21,673,1866
1009,140,185,2026-08-09T23:13:33,1463,1798
1010,149,150,2026-07-29T17:11:22,319,9419
1011,100,393,2026-08-13T14:39:07,3137,2548
1012,307,386,2026-08-22T07:58:25,1326,6180
1013,424,433,2026-07-29T06:22:26,1238,5447
1014,351,358,2026-07-26T17:27:31,397,9755
1015,297,181,2026-08-22T20:57:31,57,3243
1016,266,145,2026-08-13T03:01:35,1991,7750
1017,175,472,2026-08-01T00:17:02,424,4569
1018,80,258,2026-08-09T09:16:25,776,9612
1019,434,273,2026-07-28T04:48:32,2881,2867
1020,214,236,2026-08-07T02:33:06,482,3150
1021,473,9,2026-08-16T15:27:40,1281,6940
1022,72,419,2026-08-24T08:04:00,2452,9570
1023,391,497,2026-08-14T19:49:55,2912,5991
1024,15,382,2026-08-11T03:07:16,915,3108
1025,439,356,2026-08-14T06:27:30,933,6036
1026,65,108,2026-08-15T09:32:18,326,7960
1027,354,391,2026-08-14T05:01:53,323,1308
1028,397,248,2026-08-16T19:30:33,179,4217
1029,56,17,2026-08-22T03:35:07,2108,1971
1030,241,61,2026-08-05T22:33:38,182,2085
1031,155,342,2026-08-04T02:30:48,400,3028
1032,472,309,2026-08-18T17:44:29,824,4027
1033,344,180,2026-08-02T10:30:11,601,5544
1034,486,297,2026-08-04T19:46:34,662,9202
1035,400,374,2026-08-22T15:35:20,2073,2119
1036,51,420,2026-08-14T08:33:42,62,9664
1037,112,367,2026-08-13T04:14:30,1159,3814
1038,462,387,2026-08-15T22:35:26,2976,2616
1039,474,110,2026-08-03T04:12:37,3491,8777
1040,188,358,2026-08-09T16:34:08,1805,2758
1041,93,428,2026-08-01T18:45:05,1559,7948
1042,110,264,2026-08-02T04:55:14,467,6149
1043,64,239,2026-07-27T05:59:39,561,9123
1044,391,185,2026-07-30T04:03:58,2287,1665
1045,43,168,2026-07-27T10:46:37,1581,5646
1046,234,308,2026-08-02T16:14:36,2819,8273
1047,116,284,2026-08-19T07:31:27,3508,8011
1048,97,439,2026-08-16T21:18:33,3449,8793
1049,481,348,2026-08-02T06:39:58,57,9055
1050,345,54,2026-07-30T19:06:58,2145,2392
1051,62,74,2026-08-02T08:20:57,2851,2666
1052,380,474,2026-08-15T20:58:58,696,2060
1053,187,500,2026-08-17T19:47:16,825,7623
1054,63,120,2026-08-25T00:41:15,2975,9177
1055,143,392,2026-08-16T08:27:26,2388,5472
1056,388,405,2026-08-04T09:57:18,1644,6834
1057,244,342,2026-08-17T17:53:02,1661,8938
1058,262,143,2026-08-20T09:59:15,1867,2770
1059,63,129,2026-08-16T06:37:01,950,3205
1060,16,51,2026-08-22T11:39:39,3405,2117
1061,256,348,2026-08-17T12:49:02,738,7269
1062,310,348,2026-08-14T08:42:04,1245,2578
1063,390,40,2026-08-12T22:26:20,2134,9064
1064,406,239,2026-08-06T15:29:00,2716,9157
1065,252,259,2026-08-04T16:56:18,1412,9856
1066,280,10,2026-08-16T07:22:16,134,8051
1067,451,469,2026-08-25T00:51:18,1848,6153
1068,437,193,2026-07-27T01:07:57,152,1538
1069,91,286,2026-08-23T17:49:23,2897,3689
1070,252,221,2026-08-19T20:52:15,2936,7374
1071,250,392,2026-08-07T04:18:35,2769,9037
1072,338,284,2026-08-20T01:01:57,2348,8697
1073,244,288,2026-08-08T18:10:32,2080,1913
1074,201,135,2026-08-15T15:08:12,1552,6779
1075,393,146,2026-08-22T04:48:21,120,1739
1076,66,429,2026-08-23T15:58:30,3320,1440
1077,392,457,2026-08-13T12:01:37,1563,2594
1078,220,177,2026-07-28T07:27:43,1692,6755
1079,29,339,2026-07-28T12:35:31,966,6113
1080,304,44,2026-08-23T06:25:06,273,5995
1081,59,173,2026-08-19T03:31:27,2210,6343
1082,20,236,2026-08-13T13:54:04,1735,9433
1083,462,216,2026-08-01T04:19:19,2855,8695
1084,302,12,2026-08-23T20:32:17,1552,7394
1085,166,294,2026-08-19T01:30:09,2005,2639
1086,354,346,2026-07-30T13:45:23,2039,9237
1087,416,392,2026-08-02T14:01:12,687,5907
1088,187,497,2026-08-21T05:47:09,2040,2234
1089,431,436,2026-08-09T06:01:27,1182,5344
1090,25,153,2026-08-18T06:09:58,1651,4700
1091,320,381,2026-08-20T18:45:57,2944,2552
1092,304,173,2026-07-30T11:37:33,2325,9700
1093,244,219,2026-08-21T02:13:51,3263,2256
1094,334,422,2026-08-25T07:15:35,3298,5913
1095,222,340,2026-07-30T23:31:24,824,7788
1096,206,129,2026-08-07T14:11:28,1861,9971
1097,93,375,2026-08-18T14:55:19,2119,4056
1098,296,256,2026-07-30T11:26:53,3379,8656
1099,138,480,2026-08-21T20:41:11,3318,8106
1100,479,290,2026-08-23T19:47:31,250,9556
1101,103,187,2026-08-10T20:33:52,989,3465
1102,383,351,2026-08-25T10:43:06,3462,8133
1103,211,164,2026-07-29T05:57:45,268,4335
1104,434,212,2026-08-12T08:44:11,1180,3631
1105,132,352,2026-08-21T15:50:06,1667,4907
1106,59,77,2026-07-27T05:02:22,1010,6087
1107,238,249,2026-08-18T10:44:52,1791,7914
1108,332,464,2026-08-17T17:27:53,657,5468
1109,70,15,2026-08-20T13:46:18,3296,5551
1110,338,282,2026-08-18T11:10:17,3496,1691
1111,494,370,2026-08-23T13:11:38,86,1906
1112,441,460,2026-08-11T18:43:04,2469,5882
1113,444,33,2026-08-16T02:59:43,1672,6954
1114,344,337,2026-08-12T19:39:04,1630,3302
1115,121,58,2026-08-09T23:43:51,2054,2976
1116,268,341,2026-08-09T17:25:42,3179,9605
1117,129,255,2026-08-03T19:38:14,980,3003
1118,396,414,2026-07-28T09:38:02,3414,7388
1119,413,384,2026-08-24T16:46:23,1737,4571
1120,74,55,2026-08-10T10:44:39,1129,8200
1121,210,131,2026-08-23T01:14:29,234,9034
1122,274,192,2026-08-08T07:54:51,467,6185
1123,280,217,2026-07-29T16:01:58,1014,5550
1124,451,402,2026-08-18T15:44:53,1491,8786
1125,367,189,2026-08-23T18:03:33,91,1570
1126,431,379,2026-08-03T21:28:03,228,4926
1127,130,283,2026-08-23T11:54:22,2622,6945
1128,463,416,2026-07-29T04:37:03,2195,4872
1129,440,227,2026-08-09T20:23:35,1614,5186
1130,155,47,2026-07-28T00:16:50,3104,4857
1131,153,108,2026-08-09T14:38:26,661,8190
1132,324,163,2026-08-19T05:15:45,3145,7656
1133,405,18,2026-07-30T16:36:26,333,9055
1134,242,378,2026-08-01T20:14:01,3450,6451
1135,368,217,2026-08-20T05:32:17,3364,2644
1136,423,83,2026-07-30T10:01:37,2078,2087
1137,181,216,2026-08-09T04:11:36,3026,6353
1138,233,356,2026-08-07T22:08:12,218,4010
1139,323,228,2026-08-02T02:53:41,562,1050
1140,206,103,2026-08-25T13:55:57,1290,2347
1141,57,81,2026-08-09T07:49:55,2927,3131
1142,434,305,2026-08-09T01:07:38,3251,6233
1143,232,245,2026-08-08T03:51:04,551,5270
1144,89,352,2026-07-27T09:01:25,1346,5616
1145,102,44,2026-08-01T02:26:26,750,7447
1146,449,194,2026-08-24T23:58:45,2341,4677
1147,11,486,2026-08-04T03:54:57,2292,4747
1148,465,46,2026-08-24T09:56:17,817,5289
1149,360,437,2026-08-03T00:33:42,1647,8027
1150,308,134,2026-08-17T08:51:53,1512,3787
1151,485,291,2026-08-13T15:17:08,2948,9615
1152,223,396,2026-08-04T04:49:52,1863,9096
1153,61,115,2026-08-08T08:51:26,785,5361
1154,148,383,2026-08-07T03:39:51,538,8066
1155,439,106,2026-08-19T05:26:49,3380,5636
1156,373,347,2026-08-04T11:08:02,743,7693
1157,406,75,2026-08-21T06:55:43,1077,4858
1158,317,231,2026-07-28T07:01:45,1519,8506
1159,44,6,2026-08-12T07:55:22,3574,6296
1160,499,355,2026-07-30T18:48:39,874,7283
1161,363,217,2026-08-02T17:29:42,1054,2196
1162,49,286,2026-08-24T14:20:06,1368,4847
1163,242,466,2026-08-03T04:04:27,2488,1745
1164,3,130,2026-08-19T18:17:51,1565,5956
1165,203,344,2026-08-15T17:35:42,2296,1673
1166,298,92,2026-08-14T06:53:52,2068,9074
1167,477,174,2026-08-07T05:42:17,545,2468
1168,163,364,2026-08-17T01:19:43,585,5266
1169,60,161,2026-08-03T19:22:30,528,9179
1170,447,499,2026-08-05T22:08:31,3068,6907
1171,475,221,2026-08-23T17:36:44,3596,5312
1172,314,425,2026-08-12T10:31:06,1085,9470
1173,161,224,2026-07-29T07:46:12,1297,9049
1174,392,487,2026-08-08T12:31:09,3499,8208
1175,28,97,2026-08-01T07:37:09,946,4000
1176,19,241,2026-07-29T05:40:12,2896,8653
1177,224,60,2026-08-03T19:44:41,2032,1668
1178,227,183,2026-08-18T05:05:33,2302,8949
1179,235,253,2026-08-15T01:02:50,2953,3425
1180,64,179,2026-08-18T19:19:35,3561,5654
1181,93,428,2026-08-10T07:35:39,2088,5469
1182,289,457,2026-08-18T19:21:59,874,1067
1183,270,393,2026-08-21T12:54:28,1710,2258
1184,127,394,2026-08-07T00:42:40,391,6384
1185,14,146,2026-08-14T02:58:33,2792,2998
1186,202,192,2026-08-14T14:56:28,439,6300
1187,79,15,2026-08-18T17:24:46,3407,8861
1188,233,322,2026-08-08T10:27:23,2438,1095
1189,169,497,2026-08-02T17:35:16,2554,8423
1190,167,486,2026-08-21T10:29:09,3012,3118
1191,109,442,2026-08-16T18:58:41,2641,5635
1192,166,409,2026-07-27T06:17:51,294,9964
1193,488,309,2026-08-09T16:56:36,1638,5180
1194,92,123,2026-08-17T11:23:24,3550,7535
1195,46,11,2026-08-14T05:32:35,672,7365
1196,400,207,2026-08-11T00:16:48,3087,3525
1197,62,153,2026-08-21T10:15:58,1775,6080
1198,463,351,2026-07-28T16:15:54,1475,2574
1199,427,189,2026-07-31T09:54:49,2010,8298
1200,454,199,2026-08-21T11:28:39,2311,7931
1201,47,388,2026-08-12T20:42:56,1513,4053
1202,223,323,2026-08-16T15:32:35,170,9410
1203,175,499,2026-08-25T07:44:36,923,3540
1204,477,254,2026-08-08T22:04:01,2656,9596
1205,43,149,2026-08-11T22:44:29,329,8825
1206,154,77,2026-08-08T19:25:43,2807,5921
1207,431,128,2026-08-08T15:39:21,1215,1781
1208,283,40,2026-07-31T10:58:36,2107,2763
1209,262,218,2026-08-08T01:58:24,1908,5151
1210,182,131,2026-08-24T01:05:29,3153,9248
1211,9,59,2026-08-14T16:12:11,1900,3941
1212,403,94,2026-08-18T01:42:23,190,2364
1213,214,449,2026-08-07T10:11:23,1290,8454
1214,388,344,2026-08-24T06:23:22,3313,5342
1215,175,495,2026-08-05T03:34:51,3322,4066
1216,109,95,2026-08-20T22:15:52,2479,5248
1217,447,345,2026-08-12T01:34:59,2193,1293
1218,3,203,2026-08-04T10:05:39,708,8817
1219,236,355,2026-08-10T21:27:42,2699,8974
1220,156,317,2026-08-22T06:29:27,2531,6910
1221,354,345,2026-07-27T04:48:01,2770,7471
1222,412,155,2026-07-27T02:21:05,558,1227
1223,98,58,2026-07-29T23:38:45,2855,4083
1224,440,14,2026-07-27T06:24:43,2661,3378
1225,333,124,2026-08-15T15:36:56,2569,9824
1226,98,45,2026-07-31T10:18:12,1903,3427
1227,243,217,2026-08-21T04:27:12,685,3497
1228,379,360,2026-07-31T17:32:12,1991,8724
1229,11,441,2026-08-17T08:02:11,998,4298
1230,151,292,2026-08-12T18:01:20,1609,1834
1231,171,5,2026-08-06T08:06:52,3476,8074
1232,213,435,2026-08-09T10:32:27,2375,5764
1233,19,250,2026-08-07T21:57:22,2107,8993
1234,119,366,2026-08-05T01:25:48,82,7914
1235,296,162,2026-07-28T08:08:15,1102,7834
1236,456,243,2026-07-27T20:05:20,2555,6681
1237,230,358,2026-07-31T03:35:43,665,5718
1238,372,99,2026-07-29T10:44:54,1799,4802
1239,260,113,2026-08-24T12:41:51,2810,6556
1240,472,309,2026-08-06T05:05:42,2934,8675
1241,68,453,2026-08-24T18:48:36,2918,7395
1242,492,214,2026-08-01T14:22:18,2762,6902
1243,408,242,2026-08-01T12:15:34,3464,3654
1244,319,107,2026-07-30T21:07:24,3073,2412
1245,342,248,2026-08-25T00:59:10,822,3561
1246,311,252,2026-08-01T23:49:44,1708,9089
1247,156,121,2026-08-13T22:29:57,197,1297
1248,184,452,2026-08-23T03:59:38,2777,3598
1249,90,424,2026-08-04T15:44:49,2067,1523
1250,414,33,2026-08-01T01:37:11,471,4714
1251,62,288,2026-08-04T15:09:29,1061,6575
1252,402,182,2026-08-07T23:38:01,3159,5382
1253,459,78,2026-08-09T23:40:24,3583,9444
1254,310,343,2026-08-18T08:31:07,211,8173
1255,410,235,2026-07-30T08:41:22,3100,2817
1256,500,55,2026-08-17T16:46:34,2502,2669
1257,422,288,2026-08-09T02:29:10,436,3736
1258,323,61,2026-08-16T09:56:52,1486,3572
1259,373,150,2026-08-11T09:16:09,3126,9288
1260,256,376,2026-08-08T04:17:41,636,6959
1261,172,420,2026-08-03T13:10:48,3480,4307
1262,225,497,2026-07-30T06:41:20,3154,1107
1263,126,428,2026-08-09T03:32:21,1403,5698
1264,259,88,2026-07-29T17:09:45,1530,7799
1265,185,323,2026-08-14T06:28:09,625,9677
1266,216,404,2026-08-14T13:13:00,3289,8025
1267,212,471,2026-08-11T20:02:49,1884,9456
1268,407,350,2026-07-29T14:26:58,126,8251
1269,75,395,2026-08-08T05:20:45,3307,9476
1270,484,36,2026-08-08T12:49:58,1294,7580
1271,396,85,2026-08-04T07:46:44,1615,1607
1272,339,473,2026-08-17T01:46:58,2358,1947
1273,324,366,2026-07-30T01:19:52,3592,9516
1274,499,152,2026-08-19T13:22:24,2793,5986
1275,370,381,2026-08-05T10:16:21,1414,1129
1276,424,144,2026-08-25T07:31:45,2505,3406
1277,359,207,2026-08-14T17:55:42,845,9919
1278,320,404,2026-08-04T08:22:34,1816,6656
1279,455,416,2026-08-19T13:45:51,1661,4232
1280,452,352,2026-07-31T22:48:24,1602,3064
1281,267,277,2026-08-02T16:05:59,385,9383
1282,283,160,2026-08-21T22:21:29,3105,3621
1283,12,15,2026-08-16T14:55:22,2216,5238
1284,124,427,2026-08-06T06:54:53,2980,7926
1285,259,57,2026-08-25T11:47:55,3452,7110
1286,133,322,2026-07-31T20:15:57,512,1782
1287,388,334,2026-08-17T02:57:21,1843,5881
1288,294,378,2026-08-08T06:13:43,1393,4868
1289,413,382,2026-07-31T16:48:51,2321,9737
1290,433,305,2026-07-28T09:05:31,1230,5661
1291,342,402,2026-07-30T05:26:00,2351,3293
1292,366,194,2026-07-30T02:30:44,1019,2724
1293,168,265,2026-08-23T10:08:26,3375,6919
1294,233,51,2026-08-07T20:26:31,1748,7751
1295,42,48,2026-08-17T07:57:58,537,8802
1296,110,229,2026-07-27T14:20:19,2777,9622
1297,207,302,2026-08-19T20:20:24,3195,7468
1298,447,136,2026-08-02T21:54:14,2611,7937
1299,226,353,2026-07-26T17:29:13,2010,7830
1300,422,84,2026-07-28T12:33:28,525,8942
1301,365,235,2026-08-14T15:25:21,2890,9408
1302,442,271,2026-08-08T14:53:49,875,8461
1303,243,17,2026-08-03T01:06:41,2294,7051
1304,472,488,2026-08-11T16:45:24,3496,7694
1305,57,62,2026-08-14T16:24:32,1191,1659
1306,268,79,2026-08-23T13:58:49,1253,7135
1307,156,151,2026-07-26T20:47:28,3245,3340
1308,73,402,2026-08-20T16:56:26,204,5999
1309,456,146,2026-08-19T12:09:32,3360,9008
1310,2,63,2026-08-18T21:32:56,281,1732
1311,214,247,2026-08-16T20:31:12,2322,8411
1312,461,173,2026-08-15T07:04:06,1951,3175
1313,391,71,2026-07-30T02:08:53,1892,8371
1314,342,230,2026-08-21T21:46:18,2986,6328
1315,46,410,2026-08-06T15:36:24,2559,7711
1316,199,120,2026-07-26T20:19:46,1393,9863
1317,24,491,2026-08-14T08:21:44,1819,5544
1318,331,46,2026-08-19T02:07:26,2901,1406
1319,293,323,2026-08-01T13:41:18,2902,6060
1320,288,331,2026-08-23T05:21:47,2296,2395
1321,99,490,2026-08-21T16:09:02,2367,1866
1322,491,292,2026-08-13T02:38:46,3079,8796
1323,258,460,2026-08-11T20:57:41,2701,9713
1324,93,430,2026-08-10T09:17:47,847,5018
1325,425,362,2026-08-15T03:13:34,2378,8278
1326,44,414,2026-07-29T08:46:57,1317,7583
1327,302,24,2026-07-31T02:06:38,100,6569
1328,224,93,2026-08-13T10:08:45,3526,9649
1329,163,196,2026-08-21T15:21:39,474,2627
1330,278,87,2026-08-12T04:40:40,753,5187
1331,394,46,2026-07-30T14:12:54,1673,3772
1332,31,315,2026-08-17T23:59:41,748,1445
1333,366,30,2026-08-09T18:18:08,409,6243
1334,73,212,2026-08-05T13:07:43,1061,7152
1335,483,424,2026-08-04T06:15:04,217,4318
1336,123,386,2026-08-22T14:29:12,973,9076
1337,261,386,2026-07-28T14:18:00,476,5412
1338,32,163,2026-08-14T08:03:33,1672,2072
1339,248,15,2026-08-04T23:00:39,962,1305
1340,138,284,2026-08-10T04:41:07,2770,2663
1341,127,391,2026-08-14T14:58:51,3221,3057
1342,156,291,2026-07-31T20:52:11,348,9199
1343,105,401,2026-08-13T03:02:44,1534,9854
1344,87,401,2026-08-19T07:17:37,1740,8401
1345,22,1,2026-07-30T19:20:53,3402,5739
1346,335,498,2026-08-16T22:45:50,251,8900
1347,140,307,2026-08-04T21:13:05,2790,7228
1348,180,432,2026-08-02T11:31:17,2401,9361
1349,145,24,2026-07-28T10:04:03,2192,2145
1350,154,46,2026-08-05T01:26:43,508,3288
1351,372,285,2026-07-27T22:01:40,1774,4454
1352,313,259,2026-08-24T11:18:27,1308,6613
1353,326,134,2026-08-07T06:19:53,2903,8417
1354,140,126,2026-08-19T10:28:24,1322,6597
1355,108,236,2026-08-14T13:25:23,1350,1260
1356,468,355,2026-07-29T17:52:04,13,8807
1357,3,462,2026-08-21T22:15:53,715,7769
1358,285,459,2026-08-10T15:00:30,2007,7435
1359,276,42,2026-08-19T22:39:01,2663,2270
1360,276,16,2026-08-21T14:33:40,3347,8293
1361,345,64,2026-08-17T11:57:25,3334,7166
1362,424,308,2026-07-27T11:36:17,730,1138
1363,64,237,2026-07-28T11:38:02,795,8283
1364,5,114,2026-08-12T03:46:18,3111,5606
1365,349,472,2026-07-29T09:47:03,789,2474
1366,418,315,2026-08-12T01:56:48,3316,4623
1367,120,253,2026-07-28T18:21:31,155,5599
1368,253,464,2026-08-15T08:55:37,2487,4425
1369,4,101,2026-08-01T10:10:26,2620,7489
1370,57,446,2026-08-05T23:05:56,2054,9093
1371,88,283,2026-08-21T01:57:16,3031,3875
1372,34,302,2026-08-17T22:30:58,271,3087
1373,133,478,2026-08-21T17:36:55,938,9570
1374,374,401,2026-08-02T22:01:10,3477,1378
1375,497,355,2026-08-23T19:27:46,2521,5143
1376,349,287,2026-08-06T23:55:26,13,7997
1377,329,345,2026-07-30T04:24:04,217,6292
1378,222,433,2026-07-28T11:26:30,1127,2994
1379,349,266,2026-08-02T13:26:27,1485,9474
1380,389,23,2026-08-19T10:04:47,924,1769
1381,143,471,2026-07-27T14:41:10,1843,6181
1382,3,201,2026-08-18T13:29:12,340,1415
1383,378,116,2026-07-28T21:50:20,1740,2219
1384,470,128,2026-08-07T11:13:18,1353,6092
1385,33,321,2026-08-02T00:33:48,119,8863
1386,222,414,2026-07-27T09:12:46,3270,6477
1387,431,129,2026-08-04T01:09:38,1944,4905
1388,491,175,2026-07-29T02:40:53,3370,6465
1389,267,407,2026-08-10T14:33:00,303,8184
1390,392,49,2026-07-31T09:49:47,2376,3045
1391,44,499,2026-08-17T19:58:10,141,7183
1392,161,456,2026-08-25T08:36:21,271,3089
1393,32,471,2026-08-03T23:20:37,229,5939
1394,313,321,2026-08-24T09:05:25,422,1914
1395,287,27,2026-07-29T18:59:31,1567,7581
1396,50,317,2026-07-31T20:21:39,959,1173
1397,233,197,2026-08-01T05:30:18,1758,2659
1398,174,334,2026-08-19T19:41:24,3211,1425
1399,233,265,2026-08-24T13:40:30,793,2769
1400,53,7,2026-08-25T13:44:07,281,4172
1401,464,294,2026-08-06T09:27:42,2089,5198
1402,182,216,2026-07-29T18:00:16,2548,8284
1403,96,125,2026-08-05T12:34:12,185,1991
1404,66,160,2026-08-16T09:02:54,2106,6861
1405,160,299,2026-08-12T01:30:33,3181,3385
1406,76,241,2026-08-15T04:51:00,1409,5768
1407,189,497,2026-08-11T10:14:13,2407,3369
1408,30,122,2026-08-01T13:13:16,3425,1894
1409,217,177,2026-08-23T15:31:34,825,4297
1410,403,36,2026-08-22T04:28:40,2740,8794
1411,356,355,2026-08-02T08:28:35,2461,6425
1412,437,297,2026-08-11T07:09:19,1379,5909
1413,215,169,2026-08-06T00:54:33,1865,1691
1414,254,113,2026-07-28T21:35:17,2621,4654
1415,355,118,2026-08-24T11:28:13,878,4916
1416,247,377,2026-08-04T02:33:26,3341,6431
1417,414,379,2026-08-11T23:21:58,1644,4018
1418,423,4,2026-07-29T18:08:05,307,6863
1419,16,285,2026-08-01T13:09:17,1195,8215
1420,100,324,2026-08-08T23:35:06,3140,6896
1421,23,500,2026-08-02T13:01:44,815,5654
1422,90,113,2026-08-15T20:09:57,2949,3855
1423,174,434,2026-08-03T20:16:10,736,4211
1424,12,91,2026-08-13T15:28:21,419,1343
1425,426,347,2026-08-22T13:14:34,2687,2818
1426,174,480,2026-08-03T16:43:19,1873,4934
1427,190,415,2026-08-16T23:33:12,706,9633
1428,410,320,2026-08-07T12:20:33,2917,2071
1429,61,74,2026-08-23T22:32:19,540,4107
1430,99,273,2026-07-28T15:53:37,1537,6209
1431,307,220,2026-08-02T03:51:52,1006,1756
1432,391,316,2026-07-31T12:56:49,3504,9773
1433,151,405,2026-08-25T10:01:19,1017,1872
1434,323,408,2026-08-13T22:42:01,522,9327
1435,496,300,2026-08-03T08:16:20,862,2333
1436,402,241,2026-07-27T10:41:12,2523,2062
1437,86,261,2026-08-19T07:50:03,2647,9342
1438,192,256,2026-07-30T14:31:29,738,6272
1439,365,192,2026-07-26T23:52:26,1984,9106
1440,243,138,2026-07-27T00:53:33,2618,1599
1441,107,113,2026-08-04T09:30:26,1856,4840
1442,203,112,2026-07-31T00:19:59,1549,3575
1443,479,432,2026-08-24T12:13:20,2260,2388
1444,69,385,2026-08-09T11:02:50,1825,9500
1445,181,118,2026-08-15T21:24:36,1910,9392
1446,319,173,2026-08-18T19:04:15,1920,8086
1447,210,189,2026-08-01T20:18:59,1303,5473
1448,196,13,2026-08-05T16:40:12,962,5351
1449,331,39,2026-08-02T15:11:07,342,5825
1450,432,257,2026-08-08T20:09:19,2641,2280
1451,403,142,2026-08-21T01:54:59,408,2942
1452,37,185,2026-08-17T13:15:08,825,6468
1453,101,346,2026-08-15T16:31:38,1244,5496
1454,98,362,2026-08-07T07:13:36,569,9898
1455,468,134,2026-08-04T03:50:25,1231,5617
1456,422,178,2026-08-25T07:48:15,1659,7647
1457,421,297,2026-07-28T12:18:28,53,8733
1458,335,263,2026-08-24T15:10:59,616,7512
1459,117,371,2026-08-04T10:11:30,1948,4829
1460,265,301,2026-08-19T22:53:14,3108,8679
1461,370,417,2026-08-25T09:33:56,3248,2406
1462,161,434,2026-07-30T23:01:41,3159,7843
1463,108,225,2026-08-10T07:23:57,2292,1493
1464,192,72,2026-08-12T13:45:17,530,6006
1465,483,378,2026-08-16T00:23:49,3324,6810
1466,174,116,2026-07-26T21:48:02,2813,7608
1467,391,399,2026-08-22T18:15:20,1232,6342
1468,301,12,2026-08-07T03:00:55,136,3279
1469,79,488,2026-08-05T00:03:32,2332,7404
1470,196,105,2026-08-01T09:22:57,265,9757
1471,198,97,2026-08-21T10:12:09,1351,8397
1472,328,459,2026-07-31T07:57:21,707,2709
1473,346,284,2026-08-13T06:07:18,3390,9005
1474,14,96,2026-08-21T21:17:55,1585,5650
1475,106,120,2026-08-20T07:48:14,2152,2146
1476,233,30,2026-08-06T07:57:04,50,3815
1477,168,441,2026-08-18T05:19:37,1606,3572
1478,57,67,2026-08-05T18:56:25,1963,2126
1479,200,490,2026-08-09T02:32:11,850,3128
1480,446,106,2026-07-29T06:18:21,3355,8778
1481,82,310,2026-08-05T02:10:30,1276,4325
1482,258,367,2026-08-01T03:45:24,1133,4304
1483,4,74,2026-08-02T22:19:37,3382,7541
1484,310,414,2026-08-18T17:12:25,1352,9043
1485,236,237,2026-08-19T20:07:22,3024,2492
1486,148,331,2026-08-04T05:54:29,1874,6681
1487,359,432,2026-08-03T10:36:34,1223,7407
1488,314,422,2026-07-28T18:42:33,722,7800
1489,128,92,2026-07-29T07:25:22,3008,8079
1490,235,197,2026-08-13T08:47:30,756,2565
1491,202,358,2026-08-09T12:36:01,986,3587
1492,141,452,2026-08-05T20:39:57,1200,2093
1493,358,372,2026-08-16T18:54:19,894,9085
1494,211,391,2026-08-07T21:21:25,1515,2253
1495,387,54,2026-08-11T21:57:27,3197,6341
1496,210,231,2026-08-25T15:07:21,854,9291
1497,23,237,2026-08-17T16:25:52,2621,8567
1498,196,176,2026-07-28T18:56:40,3510,4185
1499,204,20,2026-07-31T18:08:07,474,3236
1500,168,344,2026-07-29T05:35:32,1990,8558
1501,35,43,2026-08-21T18:32:47,997,8171
1502,72,242,2026-08-04T05:24:00,3452,3643
1503,88,430,2026-08-03T08:36:45,416,3903
1504,151,64,2026-07-28T02:20:22,1605,3759
1505,40,344,2026-08-19T05:36:48,2779,5476
1506,79,226,2026-08-20T16:22:56,892,1564
1507,458,346,2026-08-01T07:42:06,1815,1782
1508,429,326,2026-07-30T03:02:00,2630,2684
1509,200,354,2026-08-07T02:37:13,219,1076
1510,25,396,2026-08-17T06:43:48,831,5091
1511,192,466,2026-08-24T11:01:45,379,1262
1512,216,15,2026-08-23T19:56:51,1385,4148
1513,349,445,2026-08-11T12:15:40,400,3750
1514,371,275,2026-08-16T00:43:25,446,6359
1515,166,288,2026-08-05T08:02:17,2563,4393
1516,479,278,2026-08-11T11:55:35,1757,2979
1517,119,110,2026-08-06T20:31:09,1329,3844
1518,8,206,2026-08-01T00:47:24,54,7376
1519,109,235,2026-08-11T12:26:51,2700,5562
1520,333,320,2026-08-06T17:51:41,280,4580
1521,211,155,2026-07-31T10:43:44,2051,2668
1522,365,275,2026-08-07T04:44:20,3488,3809
1523,129,492,2026-08-15T17:11:04,1333,7366
1524,348,474,2026-08-05T09:26:29,2846,3177
1525,171,90,2026-08-13T22:00:10,2821,6209
1526,436,342,2026-08-06T09:34:00,1377,1289
1527,312,467,2026-07-30T06:08:39,1571,9372
1528,328,380,2026-08-18T13:13:10,2411,1217
1529,120,11,2026-08-24T02:09:28,513,6060
1530,122,378,2026-08-19T04:51:07,1002,2300
1531,31,71,2026-07-29T07:47:09,1219,4309
1532,78,193,2026-08-16T20:17:44,160,4900
1533,473,372,2026-08-02T17:20:41,1822,6385
1534,69,143,2026-08-06T04:19:36,3228,1648
1535,267,406,2026-08-25T06:31:03,2659,5726
1536,385,13,2026-08-17T18:34:44,3006,6427
1537,176,125,2026-08-04T07:55:54,226,5068
1538,411,352,2026-08-14T11:44:55,916,7250
1539,267,165,2026-08-13T19:37:03,2584,1099
1540,34,446,2026-08-02T07:23:56,793,1853
1541,325,73,2026-08-17T21:46:55,519,2503
1542,89,304,2026-08-05T02:40:58,3262,4348
1543,121,260,2026-08-13T02:15:50,2974,8652
1544,160,85,2026-08-08T18:41:34,1008,7947
1545,91,311,2026-08-05T12:04:07,1173,8344
1546,496,326,2026-08-11T23:49:04,3537,8883
1547,41,487,2026-08-01T20:41:18,1636,7188
1548,86,242,2026-07-28T05:52:08,2074,8101
1549,390,80,2026-08-23T07:01:11,3255,8897
1550,11,391,2026-07-29T13:58:31,3503,2363
1551,389,465,2026-08-09T07:24:13,2442,9801
1552,79,284,2026-08-02T07:30:42,1058,7233
1553,238,157,2026-08-01T01:55:40,1541,8878
1554,37,171,2026-08-18T06:51:46,1927,4206
1555,80,470,2026-08-17T22:45:33,57,9203
1556,374,372,2026-08-15T23:44:31,1662,7812
1557,482,203,2026-08-03T23:56:24,1533,7292
1558,251,158,2026-08-12T08:46:16,2414,2167
1559,210,59,2026-08-06T08:37:26,1581,3660
1560,100,391,2026-08-10T00:21:51,1050,6711
1561,261,364,2026-08-24T23:45:46,2825,7032
1562,357,30,2026-08-03T07:08:51,1741,5043
1563,125,442,2026-08-25T08:57:28,1485,1462
1564,358,341,2026-08-03T22:27:55,1075,8462
1565,484,349,2026-08-23T18:02:11,1018,3644
1566,7,60,2026-08-22T12:28:59,2644,7297
1567,204,362,2026-08-06T20:05:55,334,9495
1568,466,97,2026-07-30T21:13:33,684,7993
1569,130,355,2026-08-15T16:08:12,2188,7271
1570,301,158,2026-08-21T00:22:50,3087,2456
1571,56,326,2026-08-19T10:27:03,3271,6642
1572,417,74,2026-08-06T04:39:00,863,7520
1573,358,158,2026-08-24T09:43:04,694,9056
1574,1,50,2026-08-18T16:07:50,2857,7845
1575,269,214,2026-08-18T03:38:02,3007,8060
1576,88,91,2026-08-09T05:44:01,2888,3200
1577,102,250,2026-07-27T09:22:27,456,8383
1578,291,417,2026-08-16T11:15:39,828,1966
1579,384,94,2026-08-07T15:50:56,790,5249
1580,462,447,2026-08-07T17:13:14,2572,2789
1581,445,326,2026-08-11T13:48:12,1205,2404
1582,194,64,2026-08-16T18:24:45,1406,1486
1583,300,121,2026-08-23T19:36:14,2760,2651
1584,5,32,2026-08-06T11:35:54,34,1685
1585,50,109,2026-08-24T09:56:24,34,7154
1586,309,267,2026-08-02T22:02:18,3123,5355
1587,478,249,2026-08-23T12:53:09,1385,8036
1588,173,190,2026-07-26T22:23:30,1410,6164
1589,419,123,2026-08-15T23:12:56,2729,7528
1590,194,313,2026-07-28T20:00:03,1463,6410
1591,413,52,2026-07-28T15:08:52,3570,7583
1592,372,428,2026-08-18T12:49:34,573,1420
1593,309,63,2026-08-20T03:55:50,1149,5072
1594,189,232,2026-07-28T07:38:48,2703,8785
1595,264,212,2026-08-16T08:26:59,17,6278
1596,9,325,2026-08-21T11:16:39,192,6333
1597,348,228,2026-08-14T19:53:32,1989,7556
1598,379,314,2026-08-18T22:51:55,1431,8010
1599,481,477,2026-07-31T10:39:12,1955,2645
1600,376,198,2026-08-17T15:36:30,804,3345
1601,446,267,2026-08-19T17:31:30,3219,9267
1602,17,66,2026-08-07T08:41:32,361,5937
1603,427,345,2026-07-30T17:17:05,3588,8648
1604,87,459,2026-08-22T19:09:38,478,8899
1605,340,277,2026-07-27T06:56:59,871,3792
1606,386,484,2026-08-15T10:13:13,371,2728
1607,223,367,2026-08-06T06:28:19,1342,7283
1608,393,144,2026-08-02T03:05:48,1060,8803
1609,488,460,2026-08-13T02:02:56,2730,3224
1610,473,274,2026-08-10T01:05:48,2020,2481
1611,408,355,2026-08-07T07:00:14,921,2059
1612,330,176,2026-07-31T02:11:01,2943,7252
1613,335,329,2026-07-27T11:02:09,3511,8159
1614,414,120,2026-08-18T23:27:49,478,5767
1615,45,58,2026-08-10T11:38:11,3038,4082
1616,382,483,2026-08-03T12:59:24,1511,3087
1617,437,161,2026-08-17T23:34:45,2368,1027
1618,160,32,2026-08-23T09:01:04,782,7359
1619,217,164,2026-08-24T00:29:21,3271,3069
1620,267,340,2026-07-27T20:55:11,914,2746
1621,203,5,2026-08-17T18:24:14,1891,6176
1622,75,418,2026-08-18T04:47:47,3434,4586
1623,256,349,2026-08-02T09:59:04,2468,5643
1624,75,383,2026-08-15T08:45:18,3287,1562
1625,307,164,2026-08-04T15:57:12,2825,3022
1626,141,435,2026-08-13T16:02:50,1964,4534
1627,254,150,2026-08-18T05:25:11,1547,1963
1628,415,171,2026-07-26T18:03:53,2940,4450
1629,435,376,2026-07-30T02:50:45,926,1861
1630,473,444,2026-08-14T08:53:34,3514,8987
1631,373,201,2026-08-11T20:20:23,3343,3608
1632,12,281,2026-08-21T11:02:35,1735,8756
1633,179,388,2026-07-28T06:35:27,299,9648
1634,373,145,2026-08-10T02:01:42,804,9978
1635,202,50,2026-08-16T08:41:17,3086,1886
1636,436,479,2026-08-08T18:48:12,1879,3681
1637,296,71,2026-08-25T10:05:30,1981,5769
1638,460,75,2026-08-22T00:27:31,3299,4205
1639,377,334,2026-08-23T14:40:00,2978,2670
1640,348,403,2026-08-05T17:49:09,609,7169
1641,487,219,2026-07-30T14:48:00,694,1922
1642,50,183,2026-08-11T23:35:19,740,1859
1643,61,264,2026-07-29T08:20:10,2435,8107
1644,497,77,2026-08-20T16:11:15,1659,5014
1645,18,61,2026-08-13T08:33:20,2006,5959
1646,353,306,2026-07-29T04:33:03,2678,7150
1647,398,355,2026-08-01T01:45:41,2752,2468
1648,399,238,2026-08-14T06:39:03,2668,7260
1649,141,324,2026-08-13T10:25:13,1509,1190
1650,62,334,2026-08-18T06:39:05,2632,9351
1651,116,12,2026-07-28T16:05:53,2350,8856
1652,141,356,2026-08-13T10:23:50,3258,3967
1653,197,248,2026-08-13T11:24:05,2883,8105
1654,153,293,2026-08-04T04:40:38,1337,2040
1655,366,466,2026-08-22T19:30:51,2206,4029
1656,208,417,2026-07-29T22:32:37,1617,9788
1657,402,416,2026-08-22T21:48:24,266,9501
1658,429,300,2026-08-05T14:59:00,3358,3033
1659,386,107,2026-08-02T09:43:50,485,3960
1660,442,307,2026-08-11T22:41:50,26,8327
1661,410,161,2026-08-07T06:30:12,532,4378
1662,335,83,2026-08-21T21:11:42,1056,1573
1663,44,64,2026-08-01T04:46:49,1494,9919
1664,88,217,2026-08-18T21:57:41,2700,1001
1665,128,154,2026-08-23T20:21:51,2132,5807
1666,338,274,2026-08-05T20:54:13,2368,9035
1667,356,161,2026-08-06T15:07:46,1447,9818
1668,262,108,2026-08-11T05:50:36,2719,1732
1669,122,19,2026-08-12T19:24:53,1232,4526
1670,491,69,2026-08-08T15:58:14,889,6882
1671,143,66,2026-08-20T03:10:22,1733,2218
1672,282,131,2026-08-16T05:13:27,2666,3675
1673,205,234,2026-08-09T03:22:25,1046,7968
1674,482,356,2026-07-29T07:55:35,839,2156
1675,323,376,2026-07-29T18:18:23,2598,4156
1676,366,191,2026-08-13T18:50:08,2658,9379
1677,310,84,2026-08-12T10:41:39,633,6183
1678,404,223,2026-08-17T15:34:21,2477,5055
1679,40,139,2026-08-19T06:58:17,455,9984
1680,209,34,2026-08-20T00:42:28,369,6944
1681,466,171,2026-08-21T06:06:20,604,4698
1682,141,6,2026-08-01T15:26:34,915,7203
1683,488,54,2026-08-18T12:15:24,510,3879
1684,270,373,2026-08-21T12:11:23,2416,9021
1685,49,271,2026-08-21T13:17:51,2348,5620
1686,283,139,2026-08-09T20:59:19,201,3797
1687,163,485,2026-08-17T15:04:08,745,6655
1688,413,380,2026-08-13T13:23:49,3235,9711
1689,283,305,2026-07-29T20:56:16,1654,8812
1690,304,66,2026-08-04T19:55:26,2817,9414
1691,366,80,2026-08-17T21:56:17,589,7206
1692,291,377,2026-07-30T22:11:53,2976,7064
1693,363,399,2026-07-30T13:52:53,2498,7852
1694,362,235,2026-08-14T15:39:15,1454,8678
1695,258,147,2026-08-04T08:48:25,1757,9529
1696,483,368,2026-08-09T16:27:16,3339,4748
1697,157,326,2026-07-30T10:07:34,1256,7660
1698,395,161,2026-07-31T23:53:43,2604,2302
1699,40,374,2026-08-03T16:26:33,388,3705
1700,295,30,2026-08-09T01:58:21,1175,9074
1701,414,448,2026-08-01T02:59:39,1741,9334
1702,478,375,2026-08-02T20:51:18,2044,9437
1703,351,347,2026-08-19T18:44:27,2863,3042
1704,208,8,2026-08-02T23:49:08,3410,1119
1705,366,218,2026-08-05T14:27:06,3075,6653
1706,126,379,2026-08-20T23:07:16,3377,9652
1707,351,312,2026-07-27T18:54:43,1842,3761
1708,346,477,2026-08-09T22:02:35,2149,4687
1709,90,39,2026-08-15T21:46:35,551,9416
1710,181,334,2026-08-21T23:17:36,1557,3793
1711,192,497,2026-08-02T02:17:56,2786,5092
1712,426,277,2026-08-18T16:36:55,3518,2931
1713,149,154,2026-08-12T12:24:40,1089,4490
1714,2,378,2026-08-16T01:57:46,1617,4562
1715,473,157,2026-08-17T05:36:37,2638,9446
1716,423,255,2026-07-27T17:30:17,2535,8999
1717,30,276,2026-08-09T20:07:04,1350,5888
1718,182,55,2026-08-04T20:44:51,2964,4050
1719,206,182,2026-07-29T17:49:03,1769,9061
1720,102,44,2026-07-27T18:09:02,634,7729
1721,64,468,2026-08-06T23:09:28,642,5098
1722,116,241,2026-08-20T21:52:40,1230,6971
1723,220,457,2026-08-11T23:48:05,3329,5415
1724,56,225,2026-08-15T16:07:54,1804,3651
1725,72,182,2026-08-23T18:42:57,28,6885
1726,453,446,2026-08-12T07:51:29,458,4105
1727,146,21,2026-08-11T12:39:02,1729,6426
1728,462,17,2026-08-19T06:52:48,820,8852
1729,492,341,2026-08-24T11:47:14,491,7899
1730,251,282,2026-08-21T10:09:52,2797,3087
1731,167,385,2026-08-22T07:29:18,1642,9222
1732,372,473,2026-08-17T07:14:14,3386,7370
1733,68,57,2026-08-17T22:05:34,3251,1346
1734,65,80,2026-08-10T10:45:27,60,4874
1735,27,348,2026-08-23T05:22:19,1764,1131
1736,223,246,2026-08-02T02:12:50,1995,2353
1737,390,220,2026-08-10T13:34:07,629,9376
1738,96,128,2026-08-04T00:33:51,476,5317
1739,359,127,2026-08-08T07:24:24,1762,4250
1740,243,362,2026-08-06T16:41:46,427,9230
1741,313,93,2026-08-19T04:39:36,3506,3436
1742,118,62,2026-08-13T17:46:25,162,5486
1743,99,476,2026-08-09T16:11:27,77,4270
1744,47,443,2026-07-28T23:36:24,1673,9601
1745,157,359,2026-08-02T21:18:10,952,4633
1746,173,219,2026-08-12T19:53:30,2093,7997
1747,330,27,2026-08-09T11:48:18,1107,6956
1748,144,483,2026-08-17T19:40:08,1717,5046
1749,164,459,2026-08-03T18:18:11,172,1008
1750,27,339,2026-08-03T11:48:35,873,5674
1751,242,144,2026-08-21T16:09:54,417,8059
1752,95,130,2026-08-09T12:48:44,1494,6476
1753,156,58,2026-08-04T12:50:53,60,3134
1754,170,185,2026-08-04T04:47:04,1485,9664
1755,310,191,2026-08-03T03:17:55,1135,4441
1756,300,57,2026-08-03T12:21:05,539,2971
1757,22,301,2026-08-07T05:39:21,2685,4120
1758,99,361,2026-08-01T08:41:40,409,2226
1759,483,280,2026-07-28T16:25:15,1239,8769
1760,390,104,2026-08-11T01:22:19,634,1717
1761,66,99,2026-08-23T13:50:47,2919,5137
1762,457,450,2026-08-01T19:49:42,3470,6690
1763,459,188,2026-08-17T02:08:54,2943,2923
1764,467,224,2026-08-08T07:52:20,1721,9581
1765,477,488,2026-08-13T15:10:31,94,3735
1766,307,141,2026-08-04T15:25:48,533,5745
1767,24,490,2026-08-05T15:29:57,3258,4116
1768,380,418,2026-08-22T23:49:16,2809,9723
1769,446,263,2026-07-28T08:53:30,682,8172
1770,385,261,2026-08-11T01:44:32,3197,7393
1771,206,311,2026-08-12T09:05:12,758,1058
1772,82,293,2026-08-02T20:50:37,2858,1145
1773,451,476,2026-08-13T18:57:12,1870,9254
1774,363,369,2026-08-17T10:56:01,1247,4609
1775,152,363,2026-08-21T21:27:58,492,3803
1776,115,24,2026-08-03T13:54:57,1200,1640
1777,328,76,2026-08-21T14:12:54,1142,3178
1778,139,448,2026-08-10T07:49:07,2636,5079
1779,422,108,2026-08-01T14:01:20,10,6692
1780,324,310,2026-07-27T21:30:57,1334,2363
1781,485,362,2026-08-15T07:49:31,1086,3189
1782,210,460,2026-08-19T22:20:20,1334,1938
1783,321,418,2026-08-02T17:51:38,1461,4592
1784,375,495,2026-08-17T22:07:56,1053,1256
1785,276,337,2026-08-11T05:33:25,3192,2743
1786,370,382,2026-08-03T06:17:28,2683,5216
1787,446,321,2026-07-26T21:28:45,2261,4377
1788,419,227,2026-08-22T04:46:54,1105,4341
1789,298,323,2026-08-20T07:39:01,3088,7479
1790,80,229,2026-08-11T18:26:45,2979,8109
1791,189,76,2026-08-10T00:49:29,388,9125
1792,93,236,2026-08-18T16:37:19,3537,3885
1793,97,292,2026-08-09T18:08:57,2992,3955
1794,332,145,2026-08-23T12:55:01,672,3911
1795,419,202,2026-08-02T19:50:26,774,2137
1796,74,37,2026-08-23T03:01:06,1868,7594
1797,52,371,2026-08-17T03:33:59,2981,1193
1798,309,52,2026-08-12T03:04:19,89,2802
1799,424,7,2026-08-01T03:19:59,2644,1716
1800,68,128,2026-08-18T22:31:46,1101,3336
1801,481,322,2026-07-28T15:10:25,3250,1153
1802,491,406,2026-08-02T10:54:57,3020,6544
1803,437,363,2026-08-22T10:23:27,575,8871
1804,389,289,2026-08-01T08:38:47,3345,3672
1805,158,170,2026-08-10T15:25:04,1003,1915
1806,279,355,2026-07-27T21:21:54,2231,3016
1807,11,423,2026-08-15T04:24:31,2235,5861
1808,53,262,2026-08-25T15:56:28,1706,3323
1809,1,468,2026-08-06T09:13:10,933,7998
1810,198,76,2026-08-17T08:04:19,1179,4700
1811,472,451,2026-08-13T00:52:11,2817,2841
1812,252,87,2026-07-31T04:13:27,924,2666
1813,490,145,2026-08-11T12:43:14,2526,6467
1814,61,185,2026-07-29T08:35:41,352,1710
1815,310,78,2026-08-25T05:01:25,2177,6486
1816,308,93,2026-08-05T03:50:31,2738,5940
1817,320,419,2026-08-24T00:13:22,3590,2702
1818,139,470,2026-08-21T05:48:57,1516,5348
1819,416,465,2026-08-06T11:17:32,317,1035
1820,442,478,2026-08-09T04:17:05,3190,3401
1821,164,76,2026-08-05T04:30:05,2959,8838
1822,418,35,2026-07-27T18:44:49,1755,5562
1823,75,47,2026-07-30T17:51:53,527,3979
1824,393,198,2026-08-21T19:46:18,2029,7944
1825,247,356,2026-08-17T07:28:20,2469,6463
1826,71,411,2026-07-30T22:16:39,1012,7278
1827,215,282,2026-08-20T12:45:06,2191,9070
1828,273,275,2026-08-14T20:00:46,1580,2369
1829,298,367,2026-08-05T03:01:36,2371,4593
1830,360,45,2026-08-19T11:54:34,16,4330
1831,436,9,2026-08-11T02:41:26,1946,3188
1832,472,57,2026-08-24T23:13:20,1435,6912
1833,435,444,2026-08-25T01:26:34,575,5828
1834,236,74,2026-08-20T12:28:54,2263,7898
1835,125,108,2026-07-29T09:46:34,233,3257
1836,61,493,2026-08-13T05:08:49,591,7184
1837,376,14,2026-08-14T23:39:53,1744,7089
1838,28,360,2026-08-02T20:50:44,2387,2208
1839,245,429,2026-08-16T10:42:48,652,1494
1840,76,188,2026-08-13T15:07:34,1008,2262
1841,7,292,2026-08-14T10:19:47,1710,3452
1842,392,94,2026-08-13T18:51:21,578,9641
1843,358,486,2026-07-27T06:40:45,1690,6526
1844,228,401,2026-08-09T12:07:04,59,5698
1845,57,347,2026-08-12T10:20:14,136,3843
1846,258,83,2026-08-12T17:50:03,3415,7940
1847,349,486,2026-08-10T15:25:17,2274,5227
1848,471,293,2026-08-17T07:36:35,2910,4724
1849,217,477,2026-08-22T22:07:37,381,9544
1850,194,487,2026-07-30T22:32:09,872,7560
1851,317,29,2026-08-06T03:46:45,757,2264
1852,419,355,2026-08-17T06:01:49,1287,7637
1853,424,195,2026-08-15T20:41:47,3295,7086
1854,332,218,2026-08-17T04:01:51,449,2710
1855,40,186,2026-08-09T16:45:32,3472,6496
1856,15,123,2026-08-03T15:18:20,2223,2744
1857,34,109,2026-08-16T06:16:35,3103,6064
1858,97,283,2026-08-15T19:02:48,137,4937
1859,138,44,2026-08-02T11:05:03,2318,1735
1860,289,405,2026-08-24T04:35:25,201,6154
1861,48,484,2026-08-24T17:07:18,1465,5626
1862,491,204,2026-07-30T20:45:51,1293,7400
1863,372,183,2026-08-02T15:49:40,2883,2595
1864,170,209,2026-08-05T18:33:42,2067,2654
1865,258,414,2026-08-10T09:45:57,102,7260
1866,245,301,2026-08-18T17:26:25,158,5753
1867,83,78,2026-08-21T04:29:46,327,2528
1868,488,368,2026-08-11T23:15:53,888,3307
1869,394,368,2026-07-29T21:30:23,2059,9459
1870,374,312,2026-08-24T08:40:00,3153,6593
1871,230,403,2026-08-13T22:16:57,1196,6903
1872,320,439,2026-07-30T23:31:32,168,7350
1873,123,107,2026-07-27T00:11:15,2490,2228
1874,491,79,2026-08-15T13:31:56,2042,2595
1875,413,8,2026-08-08T22:55:38,3570,6071
1876,281,445,2026-08-15T19:25:11,3205,2428
1877,256,49,2026-08-04T04:14:28,700,5843
1878,83,35,2026-08-22T16:02:46,1493,6789
1879,46,37,2026-08-18T02:53:05,3166,8548
1880,133,243,2026-08-23T06:08:47,3130,8242
1881,333,474,2026-08-02T08:00:27,512,8999
1882,21,187,2026-08-05T08:37:40,1647,7701
1883,439,318,2026-08-04T17:11:21,533,8222
1884,188,263,2026-08-14T05:16:11,1289,7122
1885,43,350,2026-08-09T17:43:30,1848,5306
1886,450,449,2026-08-22T13:46:40,179,1934
1887,380,405,2026-08-19T12:02:59,3368,1130
1888,80,437,2026-07-28T17:40:51,1544,3592
1889,292,205,2026-08-10T08:19:24,918,7360
1890,448,237,2026-08-24T02:17:35,1434,8632
1891,240,329,2026-08-10T10:33:43,3356,8616
1892,56,44,2026-08-19T16:08:41,448,7503
1893,394,222,2026-08-22T20:05:08,1351,2056
1894,163,176,2026-08-18T04:26:11,1996,4483
1895,360,380,2026-08-06T14:03:40,1145,8447
1896,20,280,2026-07-27T23:44:49,1929,3384
1897,328,110,2026-07-26T19:19:36,133,7230
1898,32,480,2026-08-03T03:55:37,3239,8046
1899,243,110,2026-08-08T10:31:01,3560,1375
1900,488,389,2026-08-10T06:11:55,1110,5129
1901,326,91,2026-08-18T15:01:35,288,5487
1902,208,42,2026-08-01T17:09:09,2922,8396
1903,447,215,2026-08-09T15:39:29,2747,5250
1904,95,426,2026-08-15T22:29:56,1760,6603
1905,494,386,2026-08-04T09:27:35,818,6722
1906,483,215,2026-08-19T13:33:55,2198,3632
1907,495,357,2026-08-07T13:37:51,2843,7375
1908,422,6,2026-07-28T01:36:50,2450,4253
1909,40,371,2026-08-01T11:32:03,2530,3369
1910,166,341,2026-08-09T03:27:26,3012,6185
1911,8,78,2026-08-19T14:55:16,609,9182
1912,443,163,2026-07-29T22:12:58,2765,7658
1913,135,267,2026-08-24T18:14:06,1850,3059
1914,325,231,2026-08-13T05:57:23,2374,2596
1915,19,112,2026-08-23T21:28:00,773,7884
1916,357,280,2026-08-19T00:16:57,2466,7185
1917,111,179,2026-08-23T03:25:05,787,1235
1918,190,417,2026-08-16T20:31:57,1241,6029
1919,258,420,2026-08-08T04:57:53,2869,9177
1920,333,234,2026-08-18T19:06:13,1445,6770
1921,425,278,2026-08-01T11:48:04,3138,6502
1922,59,475,2026-08-13T19:17:17,1759,7113
1923,91,284,2026-08-20T13:36:43,2228,8141
1924,196,146,2026-08-23T14:42:24,2825,8167
1925,325,146,2026-07-27T12:55:03,3515,2625
1926,45,413,2026-08-08T06:51:31,372,1269
1927,316,478,2026-08-03T14:12:24,2038,9924
1928,52,325,2026-08-23T22:09:09,2385,1534
1929,342,149,2026-07-29T12:38:44,872,4651
1930,398,233,2026-08-02T18:44:17,473,4204
1931,439,241,2026-08-11T04:55:53,1441,8601
1932,212,465,2026-08-18T01:37:52,2887,7484
1933,4,482,2026-08-02T06:20:31,922,9315
1934,146,138,2026-08-13T00:51:37,1088,6036
1935,430,463,2026-08-03T14:44:40,1703,4957
1936,3,461,2026-07-29T06:05:43,138,1254
1937,14,79,2026-08-08T22:09:36,3448,9502
1938,420,380,2026-08-13T05:15:43,1377,3792
1939,492,293,2026-08-16T01:14:43,995,7412
1940,99,316,2026-08-12T23:13:40,3398,1845
1941,411,478,2026-07-29T01:13:59,532,7396
1942,373,89,2026-08-09T18:10:59,1308,9475
1943,82,224,2026-08-09T20:17:21,2913,3069
1944,259,61,2026-08-21T09:31:09,3217,7422
1945,432,391,2026-07-30T09:59:08,1070,3605
1946,486,166,2026-08-20T15:10:26,387,1420
1947,224,6,2026-08-05T02:17:12,2435,3507
1948,15,317,2026-08-04T13:58:29,327,7265
1949,13,381,2026-07-31T06:35:12,1863,6867
1950,96,123,2026-08-24T18:05:05,913,5864
1951,100,275,2026-08-03T19:12:12,2979,7194
1952,395,134,2026-08-22T01:56:48,1131,2359
1953,479,74,2026-08-11T08:20:25,2619,2694
1954,57,236,2026-08-11T00:53:16,507,2754
1955,73,145,2026-08-10T07:15:02,744,2520
1956,40,254,2026-08-08T20:44:55,3438,4407
1957,201,52,2026-08-13T06:50:44,94,7778
1958,38,250,2026-07-31T08:07:48,317,4445
1959,352,215,2026-08-21T15:07:15,1289,8387
1960,414,83,2026-08-23T20:16:45,46,3927
1961,338,291,2026-08-12T18:09:14,3506,1515
1962,61,500,2026-08-02T15:55:08,1425,8928
1963,315,308,2026-07-27T07:30:10,653,9548
1964,380,131,2026-08-02T08:02:01,794,1484
1965,275,12,2026-08-20T20:11:19,3121,3496
1966,111,444,2026-08-09T08:21:05,893,1483
1967,168,71,2026-08-13T19:04:08,2985,3073
1968,138,141,2026-08-19T05:25:27,381,6710
1969,363,283,2026-08-15T16:29:04,1918,9123
1970,224,263,2026-08-12T04:58:10,795,5097
1971,89,102,2026-08-03T14:25:07,2943,5605
1972,493,202,2026-07-31T15:48:05,3253,6105
1973,85,407,2026-08-06T06:19:13,2962,8992
1974,222,453,2026-08-03T04:32:44,2447,5451
1975,418,164,2026-08-20T02:57:34,2492,7275
1976,220,103,2026-08-06T10:05:31,1536,2052
1977,231,86,2026-08-04T19:59:51,2099,5146
1978,301,210,2026-08-22T19:21:23,3391,9691
1979,181,91,2026-08-25T11:10:19,3318,6286
1980,220,405,2026-08-21T04:54:21,1009,2190
1981,111,337,2026-08-21T12:24:44,599,6151
1982,63,5,2026-08-22T10:34:08,49,6388
1983,110,239,2026-08-01T05:15:25,1322,4811
1984,288,34,2026-08-15T22:43:11,2469,4476
1985,270,112,2026-08-18T00:59:14,1143,2225
1986,294,458,2026-07-30T09:29:20,2799,8130
1987,163,417,2026-08-01T08:17:05,812,1813
1988,411,253,2026-08-02T01:22:21,1129,7901
1989,62,64,2026-07-27T12:43:28,2468,6355
1990,303,197,2026-08-18T23:09:19,92,5670
1991,10,330,2026-08-12T14:10:12,2363,1076
1992,467,237,2026-08-10T19:29:07,3452,7599
1993,19,459,2026-08-13T06:53:56,2165,1640
1994,173,331,2026-08-02T10:26:20,1929,2558
1995,425,411,2026-08-17T03:22:15,1237,5500
1996,163,386,2026-08-24T16:47:14,331,6131
1997,253,314,2026-08-21T01:57:22,1227,8447
1998,253,435,2026-08-12T06:59:15,502,7126
1999,481,317,2026-08-04T01:06:43,922,1783
2000,423,6,2026-08-10T11:27:32,1327,8138
