fir_id,date,complainant_id,accused_id,location_id,narrative
1,2026-06-23,489,21,143,"FIR No 1: On 2026-06-08 Chavvi Anne (Aadhar 316148459341) reported a theft at Jaipur, Rajasthan. Suspect Gunbir Sankar (Phone +91-8298229437) was seen near the scene."
2,2026-06-12,303,274,198,"FIR No 2: On 2026-08-20 Ojas Prabhu (Aadhar 503464711934) reported a theft at Bhopal, Madhya Pradesh. Suspect Yasti Rama (Phone +91-9159783506) was seen near the scene."
3,2026-07-03,350,138,61,"FIR No 3: On 2026-07-05 Brijesh Sampath (Aadhar 395295136297) reported a theft at Bhopal, Madhya Pradesh. Suspect Ikshita Panchal (Phone +91-7408390575) was seen near the scene."
4,2026-08-10,221,320,156,"FIR No 4: On 2026-08-02 Osha Prasad (Aadhar 253893447730) reported a theft at Hyderabad, Telangana. Suspect Advik Bhatia (Phone +91-9256907178) was seen near the scene."
5,2026-08-15,278,148,140,"FIR No 5: On 2026-08-02 Anvi Kar (Aadhar 806533171773) reported a theft at Mumbai, Maharashtra. Suspect Joshua Vyas (Phone +91-9670283403) was seen near the scene."
6,2026-06-08,445,9,41,"FIR No 6: On 2026-06-09 Ojas Kuruvilla (Aadhar 591477314669) reported a theft at Lucknow, Uttar Pradesh. Suspect Veer Balay (Phone +91-9387104291) was seen near the scene."
7,2026-06-21,65,457,10,"FIR No 7: On 2026-07-01 Michael Saran (Aadhar 429535879738) reported a theft at New Delhi, Delhi. Suspect Abdul Chand (Phone +91-9552898167) was seen near the scene."
8,2026-06-10,436,170,9,"FIR No 8: On 2026-07-23 Yadavi Anne (Aadhar 207604806831) reported a theft at Bengaluru, Karnataka. Suspect Sanya Basak (Phone +91-8875662813) was seen near the scene."
9,2026-05-30,488,310,178,"FIR No 9: On 2026-08-24 Idika Subramaniam (Aadhar 976610350084) reported a theft at Bhopal, Madhya Pradesh. Suspect Ucchal Pillay (Phone +91-7071455195) was seen near the scene."
10,2026-07-06,374,118,170,"FIR No 10: On 2026-06-17 Dhriti Bhardwaj (Aadhar 230342679193) reported a theft at Kolkata, West Bengal. Suspect Devansh Soni (Phone +91-9746601166) was seen near the scene."
11,2026-07-24,431,278,111,"FIR No 11: On 2026-08-10 Aayush Munshi (Aadhar 137186296056) reported a theft at Mumbai, Maharashtra. Suspect Anvi Kar (Phone +91-7401271939) was seen near the scene."
12,2026-06-01,500,369,154,"FIR No 12: On 2026-06-18 Jason Kulkarni (Aadhar 311039809640) reported a theft at Hyderabad, Telangana. Suspect Chaaya Chatterjee (Phone +91-7273846739) was seen near the scene. The accused is known to associate with the complainant's circle."
13,2026-08-08,367,355,65,"FIR No 13: On 2026-07-23 Dakshesh Raval (Aadhar 380873461000) reported a theft at New Delhi, Delhi. Suspect Wazir Bawa (Phone +91-8578589030) was seen near the scene."
14,2026-08-04,260,497,75,"FIR No 14: On 2026-06-04 Avi Shenoy (Aadhar 861435754729) reported a theft at Lucknow, Uttar Pradesh. Suspect Madhav Bhalla (Phone +91-9468773157) was seen near the scene."
15,2026-08-24,332,67,77,"FIR No 15: On 2026-06-22 Janya Bora (Aadhar 152580956926) reported a theft at Hyderabad, Telangana. Suspect Ayush Talwar (Phone +91-8427818730) was seen near the scene."
16,2026-07-27,452,311,87,"FIR No 16: On 2026-08-15 Ranbir Ahluwalia (Aadhar 961073216850) reported a theft at Bhopal, Madhya Pradesh. Suspect Viraj Pal (Phone +91-9506981604) was seen near the scene."
17,2026-08-23,434,377,157,"FIR No 17: On 2026-06-01 Nidhi Kala (Aadhar 844700757105) reported a theft at Jaipur, Rajasthan. Suspect Kai Chauhan (Phone +91-9338374929) was seen near the scene."
18,2026-07-31,263,284,162,"FIR No 18: On 2026-06-05 Isha Ganesan (Aadhar 452129656888) reported a theft at Chennai, Tamil Nadu. Suspect Yug Ramaswamy (Phone +91-8051742593) was seen near the scene."
19,2026-06-10,34,332,22,"FIR No 19: On 2026-06-28 Pallavi Malhotra (Aadhar 755795855462) reported a theft at Hyderabad, Telangana. Suspect Janya Bora (Phone +91-8027708670) was seen near the scene."
20,2026-06-19,146,178,116,"FIR No 20: On 2026-07-11 Forum Chandra (Aadhar 506116067841) reported a theft at Bengaluru, Karnataka. Suspect Nirja Rout (Phone +91-9421225455) was seen near the scene."
21,2026-08-04,321,280,130,"FIR No 21: On 2026-06-06 Anthony Bhattacharyya (Aadhar 698470737486) reported a theft at Bhopal, Madhya Pradesh. Suspect Chameli Bali (Phone +91-8450065086) was seen near the scene."
22,2026-08-08,235,493,193,"FIR No 22: On 2026-06-07 Guneet Singh (Aadhar 486737476962) reported a theft at Mumbai, Maharashtra. Suspect Raghav Biswas (Phone +91-7741000011) was seen near the scene."
23,2026-06-13,468,19,178,"FIR No 23: On 2026-07-10 Wahab Khurana (Aadhar 691899308484) reported a theft at Bhopal, Madhya Pradesh. Suspect Ekavir Bhargava (Phone +91-9532256470) was seen near the scene."
24,2026-06-13,336,226,24,"FIR No 24: On 2026-08-14 Ekaja Ganesh (Aadhar 321837374500) reported a theft at Ahmedabad, Gujarat. Suspect Logan Thakur (Phone +91-7269754673) was seen near the scene."
25,2026-06-26,183,473,46,"FIR No 25: On 2026-07-04 Omaja Balasubramanian (Aadhar 182837365101) reported a theft at Lucknow, Uttar Pradesh. Suspect Adya Khalsa (Phone +91-9396563469) was seen near the scene."
26,2026-06-02,121,459,140,"FIR No 26: On 2026-08-23 Anvi Nair (Aadhar 102559721644) reported a theft at Mumbai, Maharashtra. Suspect Parth Talwar (Phone +91-8251760286) was seen near the scene."
27,2026-07-13,206,230,100,"FIR No 27: On 2026-06-21 Niharika Soni (Aadhar 863779811221) reported a theft at Hyderabad, Telangana. Suspect Omaja Wagle (Phone +91-8548781344) was seen near the scene."
28,2026-06-27,245,101,139,"FIR No 28: On 2026-08-19 Victor Kakar (Aadhar 193635218050) reported a theft at Bhopal, Madhya Pradesh. Suspect Widisha Dhar (Phone +91-8267622868) was seen near the scene."
29,2026-07-21,394,498,169,"FIR No 29: On 2026-07-06 Naksh Tiwari (Aadhar 711674243693) reported a theft at Mumbai, Maharashtra. Suspect Zashil Raj (Phone +91-9771370988) was seen near the scene."
30,2026-05-28,96,14,158,"FIR No 30: On 2026-08-11 Harish Vora (Aadhar 787782229702) reported a theft at Hyderabad, Telangana. Suspect Xiti Gokhale (Phone +91-9032638323) was seen near the scene."
31,2026-05-28,232,141,98,"FIR No 31: On 2026-08-20 Raghav Kalla (Aadhar 376481228502) reported a theft at Lucknow, Uttar Pradesh. Suspect Yashica Borah (Phone +91-8600506062) was seen near the scene."
32,2026-06-02,400,40,158,"FIR No 32: On 2026-07-27 Hitesh Bath (Aadhar 331994091775) reported a theft at Hyderabad, Telangana. Suspect Ekaraj Mallick (Phone +91-9444725646) was seen near the scene."
33,2026-06-21,33,369,161,"FIR No 33: On 2026-07-16 Baghyawati Kade (Aadhar 706336912249) reported a theft at Lucknow, Uttar Pradesh. Suspect Chaaya Chatterjee (Phone +91-7273846739) was seen near the scene."
34,2026-08-24,340,499,119,"FIR No 34: On 2026-06-08 Keya Dyal (Aadhar 644550144444) reported a theft at New Delhi, Delhi. Suspect Triveni Chandra (Phone +91-7803582272) was seen near the scene."
35,2026-08-12,254,313,137,"FIR No 35: On 2026-07-25 Lajita Gara (Aadhar 726848188124) reported a theft at Lucknow, Uttar Pradesh. Suspect Kashish Shanker (Phone +91-9484528348) was seen near the scene."
36,2026-06-17,253,197,139,"FIR No 36: On 2026-06-17 Advik Manne (Aadhar 237588413911) reported a theft at Bhopal, Madhya Pradesh. Suspect Vedant Behl (Phone +91-7553843145) was seen near the scene."
37,2026-07-25,77,439,160,"FIR No 37: On 2026-06-28 Lajita Seshadri (Aadhar 687806398846) reported a theft at Jaipur, Rajasthan. Suspect Harshil Verma (Phone +91-8173930637) was seen near the scene."
38,2026-08-06,295,469,112,"FIR No 38: On 2026-07-17 Logan Kota (Aadhar 366144892534) reported a theft at Chennai, Tamil Nadu. Suspect Hredhaan Dar (Phone +91-7469738105) was seen near the scene."
39,2026-07-09,259,255,184,"FIR No 39: On 2026-06-22 Xavier Nanda (Aadhar 951527846849) reported a theft at Mumbai, Maharashtra. Suspect Oliver Saran (Phone +91-8932402710) was seen near the scene."
40,2026-06-25,433,79,34,"FIR No 40: On 2026-08-12 Avni Dey (Aadhar 185593866132) reported a theft at Bhopal, Madhya Pradesh. Suspect Nilima Seshadri (Phone +91-9651968205) was seen near the scene."
41,2026-06-11,164,265,148,"FIR No 41: On 2026-06-11 Chaitanya Pandey (Aadhar 716328933739) reported a theft at Jaipur, Rajasthan. Suspect Hemani Bakshi (Phone +91-9738900744) was seen near the scene."
42,2026-07-18,101,253,192,"FIR No 42: On 2026-07-21 Widisha Dhar (Aadhar 981923066620) reported a theft at Bengaluru, Karnataka. Suspect Advik Manne (Phone +91-8881937953) was seen near the scene."
43,2026-06-19,20,405,165,"FIR No 43: On 2026-07-27 Vedika Kala (Aadhar 314029509095) reported a theft at Kolkata, West Bengal. Suspect Nitara Vala (Phone +91-9001472250) was seen near the scene."
44,2026-08-12,273,163,175,"FIR No 44: On 2026-08-15 Frado Desai (Aadhar 746992988388) reported a theft at Ahmedabad, Gujarat. Suspect Amol Parikh (Phone +91-9136253713) was seen near the scene."
45,2026-07-28,269,1,103,"FIR No 45: On 2026-08-08 Qarin Grewal (Aadhar 535120090431) reported a theft at Mumbai, Maharashtra. Suspect Aryan Maharaj (Phone +91-8555585773) was seen near the scene."
46,2026-06-27,330,96,175,"FIR No 46: On 2026-08-08 Gautam Bhalla (Aadhar 691966545051) reported a theft at Ahmedabad, Gujarat. Suspect Harish Vora (Phone +91-9831163141) was seen near the scene."
47,2026-07-06,321,406,61,"FIR No 47: On 2026-07-25 Anthony Bhattacharyya (Aadhar 698470737486) reported a theft at Bhopal, Madhya Pradesh. Suspect Kevin Gokhale (Phone +91-8375391482) was seen near the scene."
48,2026-07-06,189,27,179,"FIR No 48: On 2026-08-01 Yashasvi Shankar (Aadhar 810836625307) reported a theft at Kolkata, West Bengal. Suspect Chandresh Sood (Phone +91-7651662547) was seen near the scene."
49,2026-08-02,138,453,8,"FIR No 49: On 2026-08-23 Ikshita Panchal (Aadhar 569493820213) reported a theft at Bengaluru, Karnataka. Suspect Nilima Pathak (Phone +91-9684499242) was seen near the scene."
50,2026-08-11,340,459,93,"FIR No 50: On 2026-07-12 Keya Dyal (Aadhar 644550144444) reported a theft at Chennai, Tamil Nadu. Suspect Parth Talwar (Phone +91-8251760286) was seen near the scene."
51,2026-08-12,387,200,98,"FIR No 51: On 2026-07-12 Harish Ghosh (Aadhar 551920937437) reported a theft at Lucknow, Uttar Pradesh. Suspect Dipta Ghose (Phone +91-7401377436) was seen near the scene."
52,2026-06-30,373,318,85,"FIR No 52: On 2026-06-04 Nimrat Shankar (Aadhar 847668980598) reported a theft at Bhopal, Madhya Pradesh. Suspect Falak Divan (Phone +91-9025530021) was seen near the scene."
53,2026-08-18,352,234,146,"FIR No 53: On 2026-06-20 Isaiah Sachdeva (Aadhar 830411262281) reported a theft at Chennai, Tamil Nadu. Suspect Unnati Walla (Phone +91-7445232926) was seen near the scene."
54,2026-05-28,20,16,173,"FIR No 54: On 2026-07-23 Vedika Kala (Aadhar 314029509095) reported a theft at Bhopal, Madhya Pradesh. Suspect Frederick Sunder (Phone +91-8316935719) was seen near the scene."
55,2026-06-12,64,86,72,"FIR No 55: On 2026-08-11 Ekapad Toor (Aadhar 967300992787) reported a theft at Chennai, Tamil Nadu. Suspect Warhi Mani (Phone +91-7997241761) was seen near the scene."
56,2026-07-07,461,278,46,"FIR No 56: On 2026-06-12 Megha Ravi (Aadhar 722478488545) reported a theft at Lucknow, Uttar Pradesh. Suspect Anvi Kar (Phone +91-7401271939) was seen near the scene."
57,2026-08-23,399,383,88,"FIR No 57: On 2026-08-09 Sneha Comar (Aadhar 338623445822) reported a theft at Chennai, Tamil Nadu. Suspect Omya Cheema (Phone +91-9318250726) was seen near the scene."
58,2026-08-07,437,192,69,"FIR No 58: On 2026-06-11 Veda Parmer (Aadhar 944412769960) reported a theft at Jaipur, Rajasthan. Suspect Yamini Seshadri (Phone +91-8755651176) was seen near the scene."
59,2026-07-11,129,94,135,"FIR No 59: On 2026-06-25 Oni Setty (Aadhar 628274907582) reported a theft at New Delhi, Delhi. Suspect Ekanta Gulati (Phone +91-7988350974) was seen near the scene."
60,2026-08-10,202,236,152,"FIR No 60: On 2026-08-05 Ikshita Mahal (Aadhar 345637792072) reported a theft at Mumbai, Maharashtra. Suspect Amol Lal (Phone +91-7752002052) was seen near the scene."
61,2026-07-05,202,101,36,"FIR No 61: On 2026-06-18 Ikshita Mahal (Aadhar 345637792072) reported a theft at New Delhi, Delhi. Suspect Widisha Dhar (Phone +91-8267622868) was seen near the scene."
62,2026-05-28,181,424,157,"FIR No 62: On 2026-06-27 Zashil Hegde (Aadhar 404067920664) reported a theft at Jaipur, Rajasthan. Suspect Lakshmi Rana (Phone +91-7339385087) was seen near the scene."
63,2026-08-04,151,96,164,"FIR No 63: On 2026-05-31 Nirja Patla (Aadhar 105802601424) reported a theft at Hyderabad, Telangana. Suspect Harish Vora (Phone +91-9831163141) was seen near the scene."
64,2026-06-09,127,325,35,"FIR No 64: On 2026-06-15 Pushti Bal (Aadhar 342682139286) reported a theft at Hyderabad, Telangana. Suspect Zaid Bahl (Phone +91-9100252248) was seen near the scene."
65,2026-07-20,350,273,190,"FIR No 65: On 2026-07-24 Brijesh Sampath (Aadhar 395295136297) reported a theft at Lucknow, Uttar Pradesh. Suspect Frado Desai (Phone +91-9367830246) was seen near the scene."
66,2026-07-21,295,434,69,"FIR No 66: On 2026-05-28 Logan Kota (Aadhar 366144892534) reported a theft at Jaipur, Rajasthan. Suspect Nidhi Kala (Phone +91-9433940416) was seen near the scene."
67,2026-08-03,405,201,57,"FIR No 67: On 2026-05-30 Nitara Vala (Aadhar 980891814797) reported a theft at Chennai, Tamil Nadu. Suspect Yatin Mallick (Phone +91-7078299575) was seen near the scene."
68,2026-06-01,444,482,50,"FIR No 68: On 2026-07-27 Yagnesh Bassi (Aadhar 934769489293) reported a theft at Jaipur, Rajasthan. Suspect Megha Madan (Phone +91-8047598131) was seen near the scene."
69,2026-06-25,280,492,147,"FIR No 69: On 2026-07-07 Chameli Bali (Aadhar 145370393987) reported a theft at Chennai, Tamil Nadu. Suspect Adya Buch (Phone +91-7490623034) was seen near the scene."
70,2026-07-10,479,53,88,"FIR No 70: On 2026-08-16 Rushil Yohannan (Aadhar 581455624889) reported a theft at Chennai, Tamil Nadu. Suspect Matthew Kashyap (Phone +91-7497879474) was seen near the scene."
71,2026-06-02,208,85,67,"FIR No 71: On 2026-07-05 Chanchal Chhabra (Aadhar 589495655793) reported a theft at Jaipur, Rajasthan. Suspect Upma Pall (Phone +91-8643015259) was seen near the scene."
72,2026-08-16,41,351,175,"FIR No 72: On 2026-08-18 Alka Barad (Aadhar 870105207685) reported a theft at Ahmedabad, Gujarat. Suspect Lipika Ranganathan (Phone +91-9501649877) was seen near the scene."
73,2026-06-26,469,168,48,"FIR No 73: On 2026-07-28 Hredhaan Dar (Aadhar 373885572142) reported a theft at Jaipur, Rajasthan. Suspect Fitan Samra (Phone +91-8739600515) was seen near the scene."
74,2026-06-10,273,390,87,"FIR No 74: On 2026-06-25 Frado Desai (Aadhar 746992988388) reported a theft at Bhopal, Madhya Pradesh. Suspect Oviya Ganesan (Phone +91-8479250414) was seen near the scene."
75,2026-07-14,370,478,124,"FIR No 75: On 2026-07-09 Isha Kapoor (Aadhar 547909643985) reported a theft at Lucknow, Uttar Pradesh. Suspect Abha Patel (Phone +91-8955638763) was seen near the scene."
76,2026-06-20,92,468,88,"FIR No 76: On 2026-07-13 Anya Sachdeva (Aadhar 536618772435) reported a theft at Chennai, Tamil Nadu. Suspect Wahab Khurana (Phone +91-8544167403) was seen near the scene."
77,2026-08-06,200,86,148,"FIR No 77: On 2026-08-16 Dipta Ghose (Aadhar 837214063081) reported a theft at Jaipur, Rajasthan. Suspect Warhi Mani (Phone +91-7997241761) was seen near the scene."
78,2026-06-27,88,207,151,"FIR No 78: On 2026-08-03 Riya Behl (Aadhar 274146312978) reported a theft at Kolkata, West Bengal. Suspect Parth Sahni (Phone +91-8879792991) was seen near the scene."
79,2026-06-21,114,445,178,"FIR No 79: On 2026-06-26 Suhani Chand (Aadhar 409029431863) reported a theft at Bhopal, Madhya Pradesh. Suspect Ojas Kuruvilla (Phone +91-7804841598) was seen near the scene."
80,2026-06-01,114,176,136,"FIR No 80: On 2026-07-29 Suhani Chand (Aadhar 409029431863) reported a theft at Lucknow, Uttar Pradesh. Suspect Nakul Ghosh (Phone +91-9587283948) was seen near the scene."
81,2026-08-24,312,401,176,"FIR No 81: On 2026-08-04 Wazir Saini (Aadhar 752949477651) reported a theft at Bengaluru, Karnataka. Suspect Raghav Dara (Phone +91-7503869216) was seen near the scene."
82,2026-06-13,190,53,58,"FIR No 82: On 2026-06-23 Upma Mangal (Aadhar 585292589726) reported a theft at Mumbai, Maharashtra. Suspect Matthew Kashyap (Phone +91-7497879474) was seen near the scene."
83,2026-06-20,441,482,130,"FIR No 83: On 2026-07-28 Vidhi Subramaniam (Aadhar 781921266516) reported a theft at Bhopal, Madhya Pradesh. Suspect Megha Madan (Phone +91-8047598131) was seen near the scene."
84,2026-07-04,55,287,182,"FIR No 84: On 2026-06-08 Abeer Pandey (Aadhar 784453630589) reported a theft at Kolkata, West Bengal. Suspect Geetika De (Phone +91-8342531599) was seen near the scene."
85,2026-07-13,201,190,94,"FIR No 85: On 2026-07-26 Yatin Mallick (Aadhar 440859761513) reported a theft at Ahmedabad, Gujarat. Suspect Upma Mangal (Phone +91-8880157459) was seen near the scene."
86,2026-06-09,14,488,166,"FIR No 86: On 2026-07-24 Xiti Gokhale (Aadhar 682197733190) reported a theft at New Delhi, Delhi. Suspect Idika Subramaniam (Phone +91-9479690385) was seen near the scene."
87,2026-08-03,251,266,68,"FIR No 87: On 2026-08-05 Jagvi Madan (Aadhar 802962382098) reported a theft at Jaipur, Rajasthan. Suspect Devika Oza (Phone +91-7521247759) was seen near the scene."
88,2026-06-01,490,198,144,"FIR No 88: On 2026-08-07 Vansha Mistry (Aadhar 640575907758) reported a theft at Bengaluru, Karnataka. Suspect Imaran Halder (Phone +91-9400552009) was seen near the scene."
89,2026-07-08,167,9,157,"FIR No 89: On 2026-08-06 Jhalak Sarkar (Aadhar 803126944073) reported a theft at Jaipur, Rajasthan. Suspect Veer Balay (Phone +91-9387104291) was seen near the scene."
90,2026-07-01,165,388,125,"FIR No 90: On 2026-07-08 Chaaya Jaggi (Aadhar 146136716197) reported a theft at Hyderabad, Telangana. Suspect Chakradev Andra (Phone +91-9391086093) was seen near the scene."
91,2026-08-18,396,349,74,"FIR No 91: On 2026-08-13 Sachi Sem (Aadhar 507365336000) reported a theft at Bengaluru, Karnataka. Suspect Bakhshi Thakkar (Phone +91-8389858576) was seen near the scene."
92,2026-07-21,423,134,58,"FIR No 92: On 2026-06-21 Ishita Thakkar (Aadhar 994437325440) reported a theft at Mumbai, Maharashtra. Suspect Xiti Pandya (Phone +91-9278724262) was seen near the scene."
93,2026-07-26,4,100,79,"FIR No 93: On 2026-06-17 Gayathri Chaudry (Aadhar 453340068343) reported a theft at Bhopal, Madhya Pradesh. Suspect Madhav Konda (Phone +91-9279993598) was seen near the scene."
94,2026-06-25,322,320,31,"FIR No 94: On 2026-06-15 Om Sant (Aadhar 983231287229) reported a theft at Jaipur, Rajasthan. Suspect Advik Bhatia (Phone +91-9256907178) was seen near the scene."
95,2026-08-01,450,346,132,"FIR No 95: On 2026-06-18 Pushti Karnik (Aadhar 286318825329) reported a theft at Hyderabad, Telangana. Suspect Rachit Sehgal (Phone +91-9438601776) was seen near the scene."
96,2026-07-04,423,296,20,"FIR No 96: On 2026-07-21 Ishita Thakkar (Aadhar 994437325440) reported a theft at New Delhi, Delhi. Suspect Charvi Jha (Phone +91-7217069388) was seen near the scene."
97,2026-05-28,475,427,29,"FIR No 97: On 2026-07-23 Harish Madan (Aadhar 265358241424) reported a theft at Kolkata, West Bengal. Suspect Naveen Gour (Phone +91-8619930972) was seen near the scene."
98,2026-06-27,468,247,154,"FIR No 98: On 2026-06-22 Wahab Khurana (Aadhar 691899308484) reported a theft at Hyderabad, Telangana. Suspect Garima Rajagopalan (Phone +91-7440654676) was seen near the scene."
99,2026-06-16,248,85,13,"FIR No 99: On 2026-08-17 Harini Ranganathan (Aadhar 888567255357) reported a theft at Kolkata, West Bengal. Suspect Upma Pall (Phone +91-8643015259) was seen near the scene."
100,2026-08-10,102,268,181,"FIR No 100: On 2026-08-06 Bhavna Dugar (Aadhar 846723617943) reported a theft at Jaipur, Rajasthan. Suspect Nitesh Kohli (Phone +91-9007492791) was seen near the scene."
101,2026-07-23,171,298,61,"FIR No 101: On 2026-07-31 Azaan Dhar (Aadhar 534129483583) reported a theft at Bhopal, Madhya Pradesh. Suspect Orinder Sinha (Phone +91-8850820685) was seen near the scene."
102,2026-06-13,138,407,10,"FIR No 102: On 2026-08-18 Ikshita Panchal (Aadhar 569493820213) reported a theft at New Delhi, Delhi. Suspect Pahal Arya (Phone +91-7196346343) was seen near the scene."
103,2026-08-01,45,430,94,"FIR No 103: On 2026-08-11 Aadi Modi (Aadhar 941811753545) reported a theft at Ahmedabad, Gujarat. Suspect Shravya Narasimhan (Phone +91-8164344392) was seen near the scene. The accused is known to associate with the complainant's circle."
104,2026-06-12,108,202,79,"FIR No 104: On 2026-06-29 Faqid Dhaliwal (Aadhar 872704936140) reported a theft at Bhopal, Madhya Pradesh. Suspect Ikshita Mahal (Phone +91-9088517710) was seen near the scene."
105,2026-07-11,46,167,76,"FIR No 105: On 2026-07-15 Riya Kala (Aadhar 937691416447) reported a theft at Lucknow, Uttar Pradesh. Suspect Jhalak Sarkar (Phone +91-8736983049) was seen near the scene."
106,2026-08-02,233,56,84,"FIR No 106: On 2026-07-20 Varenya Kibe (Aadhar 363473920508) reported a theft at Chennai, Tamil Nadu. Suspect Theodore Mahajan (Phone +91-8898551433) was seen near the scene."
107,2026-06-28,424,168,52,"FIR No 107: On 2026-06-17 Lakshmi Rana (Aadhar 604255048076) reported a theft at Chennai, Tamil Nadu. Suspect Fitan Samra (Phone +91-8739600515) was seen near the scene."
108,2026-06-15,55,111,187,"FIR No 108: On 2026-07-10 Abeer Pandey (Aadhar 784453630589) reported a theft at Chennai, Tamil Nadu. Suspect Jack Chatterjee (Phone +91-8669221121) was seen near the scene."
109,2026-08-15,89,188,159,"FIR No 109: On 2026-06-20 Jairaj Balakrishnan (Aadhar 857736637113) reported a theft at Jaipur, Rajasthan. Suspect Wishi Varma (Phone +91-8934982045) was seen near the scene."
110,2026-08-15,454,110,108,"FIR No 110: On 2026-08-12 Jasmit Majumdar (Aadhar 431294404895) reported a theft at Bengaluru, Karnataka. Suspect Timothy Bhatnagar (Phone +91-9115806625) was seen near the scene."
111,2026-06-05,244,373,135,"FIR No 111: On 2026-07-15 Krishna Soni (Aadhar 505863772515) reported a theft at New Delhi, Delhi. Suspect Nimrat Shankar (Phone +91-8613385303) was seen near the scene."
112,2026-06-17,50,122,110,"FIR No 112: On 2026-08-21 Ucchal Wali (Aadhar 279777594736) reported a theft at Mumbai, Maharashtra. Suspect Ishwar Kale (Phone +91-9320207740) was seen near the scene."
113,2026-05-28,230,436,82,"FIR No 113: On 2026-06-19 Omaja Wagle (Aadhar 699259862247) reported a theft at Mumbai, Maharashtra. Suspect Yadavi Anne (Phone +91-8485455239) was seen near the scene."
114,2026-06-18,24,9,159,"FIR No 114: On 2026-07-12 Girik Khalsa (Aadhar 626002054624) reported a theft at Jaipur, Rajasthan. Suspect Veer Balay (Phone +91-9387104291) was seen near the scene."
115,2026-06-29,137,488,39,"FIR No 115: On 2026-06-22 Meghana Mukherjee (Aadhar 601769944847) reported a theft at Lucknow, Uttar Pradesh. Suspect Idika Subramaniam (Phone +91-9479690385) was seen near the scene."
116,2026-07-27,357,443,165,"FIR No 116: On 2026-06-20 Gaurav Guha (Aadhar 704310233911) reported a theft at Kolkata, West Bengal. Suspect Ishaan Subramaniam (Phone +91-8673413661) was seen near the scene."
117,2026-08-16,411,56,73,"FIR No 117: On 2026-08-22 Ronith Hari (Aadhar 807482294267) reported a theft at Chennai, Tamil Nadu. Suspect Theodore Mahajan (Phone +91-8898551433) was seen near the scene."
118,2026-06-16,487,395,23,"FIR No 118: On 2026-07-31 Krishna Zacharia (Aadhar 876325326672) reported a theft at Mumbai, Maharashtra. Suspect Ganga Mall (Phone +91-8043069385) was seen near the scene."
119,2026-06-13,19,398,91,"FIR No 119: On 2026-05-31 Ekavir Bhargava (Aadhar 937418150636) reported a theft at New Delhi, Delhi. Suspect Tanmayi Om (Phone +91-7312606333) was seen near the scene."
120,2026-07-07,91,234,99,"FIR No 120: On 2026-06-18 Yagnesh Shan (Aadhar 424591345661) reported a theft at Bengaluru, Karnataka. Suspect Unnati Walla (Phone +91-7445232926) was seen near the scene."
121,2026-06-05,316,271,32,"FIR No 121: On 2026-06-26 Shivani Shukla (Aadhar 445491629910) reported a theft at New Delhi, Delhi. Suspect Jasmit Nanda (Phone +91-7316756902) was seen near the scene."
122,2026-06-13,357,303,135,"FIR No 122: On 2026-08-17 Gaurav Guha (Aadhar 704310233911) reported a theft at New Delhi, Delhi. Suspect Ojas Prabhu (Phone +91-9395869480) was seen near the scene."
123,2026-06-24,243,288,16,"FIR No 123: On 2026-06-10 Tripti Kohli (Aadhar 471027814103) reported a theft at Chennai, Tamil Nadu. Suspect Jeet Dugar (Phone +91-8712474804) was seen near the scene."
124,2026-07-12,310,376,34,"FIR No 124: On 2026-08-08 Ucchal Pillay (Aadhar 462359337607) reported a theft at Bhopal, Madhya Pradesh. Suspect Kashvi Atwal (Phone +91-7097647459) was seen near the scene."
125,2026-05-29,388,245,2,"FIR No 125: On 2026-06-20 Chakradev Andra (Aadhar 752613925183) reported a theft at Chennai, Tamil Nadu. Suspect Victor Kakar (Phone +91-8145556651) was seen near the scene."
126,2026-07-21,140,185,34,"FIR No 126: On 2026-07-27 Matthew Sarraf (Aadhar 199150884956) reported a theft at Bhopal, Madhya Pradesh. Suspect Maanas Munshi (Phone +91-9380770668) was seen near the scene."
127,2026-07-02,121,433,132,"FIR No 127: On 2026-07-18 Anvi Nair (Aadhar 102559721644) reported a theft at Hyderabad, Telangana. Suspect Avni Dey (Phone +91-8710668371) was seen near the scene."
128,2026-08-04,270,286,197,"FIR No 128: On 2026-06-14 Lopa Agrawal (Aadhar 553229411741) reported a theft at Bhopal, Madhya Pradesh. Suspect Ishita Bhatnagar (Phone +91-9079842771) was seen near the scene."
129,2026-07-10,179,206,42,"FIR No 129: On 2026-08-14 Kabir Gopal (Aadhar 454869618887) reported a theft at Chennai, Tamil Nadu. Suspect Niharika Soni (Phone +91-7776727492) was seen near the scene."
130,2026-06-01,456,71,85,"FIR No 130: On 2026-06-11 Harish Kala (Aadhar 995202680143) reported a theft at Bhopal, Madhya Pradesh. Suspect Damini Krishnamurthy (Phone +91-8658195603) was seen near the scene."
131,2026-06-18,286,415,199,"FIR No 131: On 2026-06-19 Ishita Bhatnagar (Aadhar 325333063288) reported a theft at Kolkata, West Bengal. Suspect Netra Chanda (Phone +91-9869963931) was seen near the scene."
132,2026-05-31,220,214,15,"FIR No 132: On 2026-06-29 Devansh Bhasin (Aadhar 262312743925) reported a theft at Chennai, Tamil Nadu. Suspect Chakrika Pillai (Phone +91-9215813941) was seen near the scene."
133,2026-08-23,490,167,198,"FIR No 133: On 2026-06-27 Vansha Mistry (Aadhar 640575907758) reported a theft at Bhopal, Madhya Pradesh. Suspect Jhalak Sarkar (Phone +91-8736983049) was seen near the scene."
134,2026-07-04,299,260,107,"FIR No 134: On 2026-06-03 Darpan Rao (Aadhar 538280978812) reported a theft at Mumbai, Maharashtra. Suspect Avi Shenoy (Phone +91-9627992499) was seen near the scene."
135,2026-06-08,406,387,116,"FIR No 135: On 2026-05-31 Kevin Gokhale (Aadhar 327265319003) reported a theft at Bengaluru, Karnataka. Suspect Harish Ghosh (Phone +91-9238756255) was seen near the scene."
136,2026-08-14,276,227,72,"FIR No 136: On 2026-06-20 Aditya Sundaram (Aadhar 315824706429) reported a theft at Chennai, Tamil Nadu. Suspect Chasmum Dhar (Phone +91-9714225802) was seen near the scene."
137,2026-06-27,153,442,43,"FIR No 137: On 2026-06-08 Yadavi Wable (Aadhar 513240849105) reported a theft at Hyderabad, Telangana. Suspect Siddharth Doctor (Phone +91-7315708805) was seen near the scene."
138,2026-08-14,71,253,181,"FIR No 138: On 2026-06-05 Damini Krishnamurthy (Aadhar 830094678828) reported a theft at Jaipur, Rajasthan. Suspect Advik Manne (Phone +91-8881937953) was seen near the scene."
139,2026-07-13,173,262,87,"FIR No 139: On 2026-05-29 Mitali Murthy (Aadhar 227273730823) reported a theft at Bhopal, Madhya Pradesh. Suspect Yashawini Sahota (Phone +91-7741553420) was seen near the scene."
140,2026-06-04,380,458,172,"FIR No 140: On 2026-08-03 Jatin Peri (Aadhar 324371953252) reported a theft at Kolkata, West Bengal. Suspect Tristan Prabhakar (Phone +91-7862650571) was seen near the scene."
141,2026-06-30,144,278,162,"FIR No 141: On 2026-07-01 Balveer Kota (Aadhar 417691853029) reported a theft at Chennai, Tamil Nadu. Suspect Anvi Kar (Phone +91-7401271939) was seen near the scene."
142,2026-07-17,174,376,151,"FIR No 142: On 2026-06-27 Jacob Lala (Aadhar 900371878921) reported a theft at Kolkata, West Bengal. Suspect Kashvi Atwal (Phone +91-7097647459) was seen near the scene."
143,2026-07-14,217,494,94,"FIR No 143: On 2026-08-18 Zinal Sathe (Aadhar 534020433500) reported a theft at Ahmedabad, Gujarat. Suspect Vyanjana Guha (Phone +91-9639190897) was seen near the scene."
144,2026-08-13,408,444,82,"FIR No 144: On 2026-06-01 Naveen Mangat (Aadhar 892761382374) reported a theft at Mumbai, Maharashtra. Suspect Yagnesh Bassi (Phone +91-8910126009) was seen near the scene."
145,2026-06-21,404,365,158,"FIR No 145: On 2026-07-23 Omya Kothari (Aadhar 436550457148) reported a theft at Hyderabad, Telangana. Suspect Abhimanyu Vaidya (Phone +91-8947476917) was seen near the scene."
146,2026-08-02,148,92,129,"FIR No 146: On 2026-07-27 Joshua Vyas (Aadhar 841369652067) reported a theft at Bhopal, Madhya Pradesh. Suspect Anya Sachdeva (Phone +91-7094229853) was seen near the scene."
147,2026-06-22,66,156,158,"FIR No 147: On 2026-06-01 Ekantika Korpal (Aadhar 590264484194) reported a theft at Hyderabad, Telangana. Suspect Yadavi Prakash (Phone +91-7676070354) was seen near the scene."
148,2026-06-10,467,61,22,"FIR No 148: On 2026-06-10 Vamakshi Murthy (Aadhar 863944259782) reported a theft at Hyderabad, Telangana. Suspect Jonathan Solanki (Phone +91-8253535854) was seen near the scene."
149,2026-07-28,416,355,110,"FIR No 149: On 2026-08-21 Vaishnavi Andra (Aadhar 877681000654) reported a theft at Mumbai, Maharashtra. Suspect Wazir Bawa (Phone +91-8578589030) was seen near the scene."
150,2026-08-01,171,14,35,"FIR No 150: On 2026-08-14 Azaan Dhar (Aadhar 534129483583) reported a theft at Hyderabad, Telangana. Suspect Xiti Gokhale (Phone +91-9032638323) was seen near the scene."
151,2026-06-25,478,436,2,"FIR No 151: On 2026-07-31 Abha Patel (Aadhar 326706713386) reported a theft at Chennai, Tamil Nadu. Suspect Yadavi Anne (Phone +91-8485455239) was seen near the scene."
152,2026-07-04,452,21,11,"FIR No 152: On 2026-06-29 Ranbir Ahluwalia (Aadhar 961073216850) reported a theft at Ahmedabad, Gujarat. Suspect Gunbir Sankar (Phone +91-8298229437) was seen near the scene. The accused is known to associate with the complainant's circle."
153,2026-06-02,80,411,79,"FIR No 153: On 2026-06-25 Ekavir Kaur (Aadhar 201991584928) reported a theft at Bhopal, Madhya Pradesh. Suspect Ronith Hari (Phone +91-8105209993) was seen near the scene."
154,2026-07-23,191,328,59,"FIR No 154: On 2026-06-03 Chakradev Rattan (Aadhar 509584822948) reported a theft at Ahmedabad, Gujarat. Suspect Theodore Rama (Phone +91-7629110165) was seen near the scene."
155,2026-06-11,301,332,60,"FIR No 155: On 2026-07-26 Dominic Mukherjee (Aadhar 787147912287) reported a theft at Jaipur, Rajasthan. Suspect Janya Bora (Phone +91-8027708670) was seen near the scene."
156,2026-08-13,38,491,61,"FIR No 156: On 2026-07-02 Nisha Kothari (Aadhar 395959373593) reported a theft at Bhopal, Madhya Pradesh. Suspect Ranbir Sabharwal (Phone +91-8346060408) was seen near the scene."
157,2026-08-18,68,330,30,"FIR No 157: On 2026-07-02 Anya Anne (Aadhar 309893341015) reported a theft at Chennai, Tamil Nadu. Suspect Gautam Bhalla (Phone +91-7867875464) was seen near the scene."
158,2026-06-08,410,167,82,"FIR No 158: On 2026-06-04 Omaja Munshi (Aadhar 819624530104) reported a theft at Mumbai, Maharashtra. Suspect Jhalak Sarkar (Phone +91-8736983049) was seen near the scene."
159,2026-06-18,36,107,2,"FIR No 159: On 2026-06-27 Joshua Barman (Aadhar 964424679955) reported a theft at Chennai, Tamil Nadu. Suspect Jasmit Wali (Phone +91-9411226340) was seen near the scene."
160,2026-08-12,166,175,124,"FIR No 160: On 2026-07-15 Zehaan Bansal (Aadhar 447300118003) reported a theft at Lucknow, Uttar Pradesh. Suspect Ethan Seth (Phone +91-7634323009) was seen near the scene."
161,2026-05-30,18,268,53,"FIR No 161: On 2026-08-13 Umang Bhatt (Aadhar 337045863496) reported a theft at Chennai, Tamil Nadu. Suspect Nitesh Kohli (Phone +91-9007492791) was seen near the scene."
162,2026-08-09,325,325,109,"FIR No 162: On 2026-07-13 Zaid Bahl (Aadhar 625347689741) reported a theft at Bhopal, Madhya Pradesh. Suspect Zaid Bahl (Phone +91-9100252248) was seen near the scene."
163,2026-06-03,285,378,47,"FIR No 163: On 2026-07-16 Girik Rau (Aadhar 856227660834) reported a theft at Bhopal, Madhya Pradesh. Suspect Tamanna Venkatesh (Phone +91-8063056115) was seen near the scene."
164,2026-06-04,350,52,73,"FIR No 164: On 2026-07-22 Brijesh Sampath (Aadhar 395295136297) reported a theft at Chennai, Tamil Nadu. Suspect Faras Mangal (Phone +91-9362646960) was seen near the scene."
165,2026-06-20,156,146,134,"FIR No 165: On 2026-08-16 Yadavi Prakash (Aadhar 781845110195) reported a theft at Ahmedabad, Gujarat. Suspect Forum Chandra (Phone +91-7464794418) was seen near the scene."
166,2026-08-06,269,316,99,"FIR No 166: On 2026-08-14 Qarin Grewal (Aadhar 535120090431) reported a theft at Bengaluru, Karnataka. Suspect Shivani Shukla (Phone +91-7081335390) was seen near the scene."
167,2026-06-29,198,301,159,"FIR No 167: On 2026-08-21 Imaran Halder (Aadhar 805992461852) reported a theft at Jaipur, Rajasthan. Suspect Dominic Mukherjee (Phone +91-9361618235) was seen near the scene."
168,2026-05-29,367,252,37,"FIR No 168: On 2026-08-22 Dakshesh Raval (Aadhar 380873461000) reported a theft at Lucknow, Uttar Pradesh. Suspect Harshil Bal (Phone +91-9918046336) was seen near the scene."
169,2026-08-04,256,494,177,"FIR No 169: On 2026-06-29 Yatin Tandon (Aadhar 252788830639) reported a theft at Bhopal, Madhya Pradesh. Suspect Vyanjana Guha (Phone +91-9639190897) was seen near the scene."
170,2026-06-17,480,114,109,"FIR No 170: On 2026-08-07 Farhan Raj (Aadhar 426706026108) reported a theft at Bhopal, Madhya Pradesh. Suspect Suhani Chand (Phone +91-9644206129) was seen near the scene."
171,2026-08-01,230,461,164,"FIR No 171: On 2026-08-05 Omaja Wagle (Aadhar 699259862247) reported a theft at Hyderabad, Telangana. Suspect Megha Ravi (Phone +91-7489144474) was seen near the scene."
172,2026-07-25,404,226,185,"FIR No 172: On 2026-06-26 Omya Kothari (Aadhar 436550457148) reported a theft at Ahmedabad, Gujarat. Suspect Logan Thakur (Phone +91-7269754673) was seen near the scene."
173,2026-08-08,487,150,165,"FIR No 173: On 2026-06-20 Krishna Zacharia (Aadhar 876325326672) reported a theft at Kolkata, West Bengal. Suspect Gayathri Deep (Phone +91-7124352982) was seen near the scene."
174,2026-07-25,212,77,192,"FIR No 174: On 2026-06-02 Leela Keer (Aadhar 764866345752) reported a theft at Bengaluru, Karnataka. Suspect Lajita Seshadri (Phone +91-9896343368) was seen near the scene."
175,2026-08-19,4,67,94,"FIR No 175: On 2026-08-04 Gayathri Chaudry (Aadhar 453340068343) reported a theft at Ahmedabad, Gujarat. Suspect Ayush Talwar (Phone +91-8427818730) was seen near the scene."
176,2026-06-06,434,264,190,"FIR No 176: On 2026-07-11 Nidhi Kala (Aadhar 844700757105) reported a theft at Lucknow, Uttar Pradesh. Suspect Tristan Uppal (Phone +91-7278911214) was seen near the scene."
177,2026-08-02,361,86,95,"FIR No 177: On 2026-06-28 Urvi Palla (Aadhar 164906442554) reported a theft at Ahmedabad, Gujarat. Suspect Warhi Mani (Phone +91-7997241761) was seen near the scene."
178,2026-08-18,148,108,18,"FIR No 178: On 2026-07-14 Joshua Vyas (Aadhar 841369652067) reported a theft at Jaipur, Rajasthan. Suspect Faqid Dhaliwal (Phone +91-8994013856) was seen near the scene."
179,2026-06-26,270,112,45,"FIR No 179: On 2026-08-08 Lopa Agrawal (Aadhar 553229411741) reported a theft at New Delhi, Delhi. Suspect Oeshi Chaudhary (Phone +91-9991375951) was seen near the scene."
180,2026-07-14,363,279,28,"FIR No 180: On 2026-06-30 Kevin Ghose (Aadhar 847823556587) reported a theft at Hyderabad, Telangana. Suspect Ishaan Loyal (Phone +91-7735301069) was seen near the scene."
181,2026-08-21,378,69,49,"FIR No 181: On 2026-06-07 Tamanna Venkatesh (Aadhar 479935492546) reported a theft at Hyderabad, Telangana. Suspect Vritti Sem (Phone +91-9455852189) was seen near the scene."
182,2026-07-07,429,33,33,"FIR No 182: On 2026-07-04 Ishanvi Dave (Aadhar 349290861585) reported a theft at Kolkata, West Bengal. Suspect Baghyawati Kade (Phone +91-8030213097) was seen near the scene."
183,2026-06-18,103,311,37,"FIR No 183: On 2026-08-12 Tanmayi Mittal (Aadhar 200355239707) reported a theft at Lucknow, Uttar Pradesh. Suspect Viraj Pal (Phone +91-9506981604) was seen near the scene."
184,2026-07-15,450,431,166,"FIR No 184: On 2026-06-12 Pushti Karnik (Aadhar 286318825329) reported a theft at New Delhi, Delhi. Suspect Aayush Munshi (Phone +91-9420256439) was seen near the scene."
185,2026-07-29,4,321,79,"FIR No 185: On 2026-07-27 Gayathri Chaudry (Aadhar 453340068343) reported a theft at Bhopal, Madhya Pradesh. Suspect Anthony Bhattacharyya (Phone +91-9289763301) was seen near the scene."
186,2026-06-22,320,48,16,"FIR No 186: On 2026-06-08 Advik Bhatia (Aadhar 445215833763) reported a theft at Chennai, Tamil Nadu. Suspect Oeshi Hayer (Phone +91-9513971584) was seen near the scene."
187,2026-06-19,194,379,3,"FIR No 187: On 2026-07-05 Gauri Som (Aadhar 410897925931) reported a theft at Hyderabad, Telangana. Suspect Nitesh Raval (Phone +91-7484664056) was seen near the scene."
188,2026-08-16,454,47,134,"FIR No 188: On 2026-05-28 Jasmit Majumdar (Aadhar 431294404895) reported a theft at Ahmedabad, Gujarat. Suspect Dayita Kar (Phone +91-9228932714) was seen near the scene."
189,2026-07-07,126,213,68,"FIR No 189: On 2026-08-11 Mohammed Subramaniam (Aadhar 498478548963) reported a theft at Jaipur, Rajasthan. Suspect Jagvi Keer (Phone +91-9753842979) was seen near the scene."
190,2026-08-07,251,82,53,"FIR No 190: On 2026-06-07 Jagvi Madan (Aadhar 802962382098) reported a theft at Chennai, Tamil Nadu. Suspect Upadhriti Modi (Phone +91-7197529702) was seen near the scene."
191,2026-06-09,368,284,119,"FIR No 191: On 2026-07-05 Balendra Gupta (Aadhar 179793239299) reported a theft at New Delhi, Delhi. Suspect Yug Ramaswamy (Phone +91-8051742593) was seen near the scene."
192,2026-08-17,177,13,137,"FIR No 192: On 2026-08-17 Jalsa Pillay (Aadhar 950194325949) reported a theft at Lucknow, Uttar Pradesh. Suspect Advay Contractor (Phone +91-9971203213) was seen near the scene."
193,2026-07-31,85,393,121,"FIR No 193: On 2026-06-03 Upma Pall (Aadhar 849985945258) reported a theft at Jaipur, Rajasthan. Suspect Rachita Kothari (Phone +91-7967847466) was seen near the scene."
194,2026-08-19,207,266,181,"FIR No 194: On 2026-07-31 Parth Sahni (Aadhar 551159223644) reported a theft at Jaipur, Rajasthan. Suspect Devika Oza (Phone +91-7521247759) was seen near the scene."
195,2026-07-29,45,341,117,"FIR No 195: On 2026-07-18 Aadi Modi (Aadhar 941811753545) reported a theft at Ahmedabad, Gujarat. Suspect Nitesh Saraf (Phone +91-7039802179) was seen near the scene."
196,2026-08-21,91,403,47,"FIR No 196: On 2026-07-01 Yagnesh Shan (Aadhar 424591345661) reported a theft at Bhopal, Madhya Pradesh. Suspect Vasudha Trivedi (Phone +91-9371162526) was seen near the scene."
197,2026-07-07,461,180,123,"FIR No 197: On 2026-08-04 Megha Ravi (Aadhar 722478488545) reported a theft at Kolkata, West Bengal. Suspect Daksha Gala (Phone +91-8357806226) was seen near the scene."
198,2026-06-26,238,165,67,"FIR No 198: On 2026-06-19 Omkaar Dey (Aadhar 422281391379) reported a theft at Jaipur, Rajasthan. Suspect Chaaya Jaggi (Phone +91-7309561891) was seen near the scene."
199,2026-05-27,383,499,93,"FIR No 199: On 2026-06-08 Omya Cheema (Aadhar 929861852263) reported a theft at Chennai, Tamil Nadu. Suspect Triveni Chandra (Phone +91-7803582272) was seen near the scene."
200,2026-08-10,288,322,69,"FIR No 200: On 2026-08-19 Jeet Dugar (Aadhar 933785291760) reported a theft at Jaipur, Rajasthan. Suspect Om Sant (Phone +91-9923781318) was seen near the scene."
201,2026-07-10,248,70,98,"FIR No 201: On 2026-05-27 Harini Ranganathan (Aadhar 888567255357) reported a theft at Lucknow, Uttar Pradesh. Suspect Urvashi Wali (Phone +91-7187463722) was seen near the scene."
202,2026-06-03,80,442,147,"FIR No 202: On 2026-07-08 Ekavir Kaur (Aadhar 201991584928) reported a theft at Chennai, Tamil Nadu. Suspect Siddharth Doctor (Phone +91-7315708805) was seen near the scene."
203,2026-05-31,483,17,84,"FIR No 203: On 2026-06-26 Qarin Bajaj (Aadhar 355387577956) reported a theft at Chennai, Tamil Nadu. Suspect Siddharth Zacharia (Phone +91-7513483708) was seen near the scene."
204,2026-06-10,73,317,24,"FIR No 204: On 2026-06-24 Jalsa Gola (Aadhar 211109516823) reported a theft at Ahmedabad, Gujarat. Suspect Darika Sheth (Phone +91-9965676060) was seen near the scene."
205,2026-06-26,262,419,199,"FIR No 205: On 2026-06-01 Yashawini Sahota (Aadhar 885543844896) reported a theft at Kolkata, West Bengal. Suspect Gopal Ganesh (Phone +91-7028399849) was seen near the scene."
206,2026-07-20,438,343,190,"FIR No 206: On 2026-07-24 Brijesh Jhaveri (Aadhar 954565006570) reported a theft at Lucknow, Uttar Pradesh. Suspect Chatura Patel (Phone +91-9165576952) was seen near the scene."
207,2026-07-03,233,196,169,"FIR No 207: On 2026-07-30 Varenya Kibe (Aadhar 363473920508) reported a theft at Mumbai, Maharashtra. Suspect Jyoti Narula (Phone +91-8332435144) was seen near the scene."
208,2026-08-13,284,124,187,"FIR No 208: On 2026-07-14 Yug Ramaswamy (Aadhar 988219372272) reported a theft at Chennai, Tamil Nadu. Suspect Ekalinga Chand (Phone +91-8390587865) was seen near the scene."
209,2026-07-30,53,201,14,"FIR No 209: On 2026-06-30 Matthew Kashyap (Aadhar 950275468961) reported a theft at Bhopal, Madhya Pradesh. Suspect Yatin Mallick (Phone +91-7078299575) was seen near the scene."
210,2026-07-06,282,445,47,"FIR No 210: On 2026-07-29 Avni Yohannan (Aadhar 730359289027) reported a theft at Bhopal, Madhya Pradesh. Suspect Ojas Kuruvilla (Phone +91-7804841598) was seen near the scene."
211,2026-07-09,368,226,31,"FIR No 211: On 2026-07-23 Balendra Gupta (Aadhar 179793239299) reported a theft at Jaipur, Rajasthan. Suspect Logan Thakur (Phone +91-7269754673) was seen near the scene."
212,2026-08-20,331,241,45,"FIR No 212: On 2026-07-10 Kalpit Oak (Aadhar 216553699857) reported a theft at New Delhi, Delhi. Suspect Anvi Wason (Phone +91-8228836941) was seen near the scene."
213,2026-06-25,33,235,176,"FIR No 213: On 2026-06-03 Baghyawati Kade (Aadhar 706336912249) reported a theft at Bengaluru, Karnataka. Suspect Guneet Singh (Phone +91-7572989855) was seen near the scene."
214,2026-08-01,111,102,114,"FIR No 214: On 2026-06-14 Jack Chatterjee (Aadhar 505675310918) reported a theft at Bhopal, Madhya Pradesh. Suspect Bhavna Dugar (Phone +91-7969007714) was seen near the scene."
215,2026-08-02,404,368,187,"FIR No 215: On 2026-06-16 Omya Kothari (Aadhar 436550457148) reported a theft at Chennai, Tamil Nadu. Suspect Balendra Gupta (Phone +91-7935878994) was seen near the scene."
216,2026-05-29,112,475,145,"FIR No 216: On 2026-07-07 Oeshi Chaudhary (Aadhar 696768414616) reported a theft at Bhopal, Madhya Pradesh. Suspect Harish Madan (Phone +91-9965405644) was seen near the scene."
217,2026-07-15,336,299,48,"FIR No 217: On 2026-08-23 Ekaja Ganesh (Aadhar 321837374500) reported a theft at Jaipur, Rajasthan. Suspect Darpan Rao (Phone +91-8571688961) was seen near the scene."
218,2026-08-07,490,429,8,"FIR No 218: On 2026-05-31 Vansha Mistry (Aadhar 640575907758) reported a theft at Bengaluru, Karnataka. Suspect Ishanvi Dave (Phone +91-8422796478) was seen near the scene."
219,2026-07-23,167,94,45,"FIR No 219: On 2026-08-09 Jhalak Sarkar (Aadhar 803126944073) reported a theft at New Delhi, Delhi. Suspect Ekanta Gulati (Phone +91-7988350974) was seen near the scene."
220,2026-06-06,80,296,146,"FIR No 220: On 2026-05-30 Ekavir Kaur (Aadhar 201991584928) reported a theft at Chennai, Tamil Nadu. Suspect Charvi Jha (Phone +91-7217069388) was seen near the scene."
221,2026-06-03,466,315,55,"FIR No 221: On 2026-05-31 Zaitra Wason (Aadhar 626554116458) reported a theft at New Delhi, Delhi. Suspect Anita Kaur (Phone +91-8632905061) was seen near the scene."
222,2026-06-23,380,211,44,"FIR No 222: On 2026-08-23 Jatin Peri (Aadhar 324371953252) reported a theft at Mumbai, Maharashtra. Suspect Gabriel Rattan (Phone +91-8640129626) was seen near the scene."
223,2026-08-08,490,52,188,"FIR No 223: On 2026-08-09 Vansha Mistry (Aadhar 640575907758) reported a theft at Chennai, Tamil Nadu. Suspect Faras Mangal (Phone +91-9362646960) was seen near the scene."
224,2026-08-06,219,410,84,"FIR No 224: On 2026-07-06 Anthony Randhawa (Aadhar 211372049245) reported a theft at Chennai, Tamil Nadu. Suspect Omaja Munshi (Phone +91-9144483523) was seen near the scene."
225,2026-08-17,337,438,150,"FIR No 225: On 2026-06-05 Aahana Chokshi (Aadhar 809895453406) reported a theft at Chennai, Tamil Nadu. Suspect Brijesh Jhaveri (Phone +91-8703826594) was seen near the scene."
226,2026-08-06,39,328,78,"FIR No 226: On 2026-05-31 Triveni Palla (Aadhar 968296026728) reported a theft at Chennai, Tamil Nadu. Suspect Theodore Rama (Phone +91-7629110165) was seen near the scene."
227,2026-07-24,121,284,141,"FIR No 227: On 2026-06-17 Anvi Nair (Aadhar 102559721644) reported a theft at Bhopal, Madhya Pradesh. Suspect Yug Ramaswamy (Phone +91-8051742593) was seen near the scene."
228,2026-07-13,74,122,43,"FIR No 228: On 2026-06-10 Jonathan Swaminathan (Aadhar 114847393047) reported a theft at Hyderabad, Telangana. Suspect Ishwar Kale (Phone +91-9320207740) was seen near the scene."
229,2026-07-15,167,335,94,"FIR No 229: On 2026-08-15 Jhalak Sarkar (Aadhar 803126944073) reported a theft at Ahmedabad, Gujarat. Suspect Eesha Kant (Phone +91-9363746243) was seen near the scene."
230,2026-07-14,360,494,63,"FIR No 230: On 2026-07-16 Ucchal Tiwari (Aadhar 681739352909) reported a theft at New Delhi, Delhi. Suspect Vyanjana Guha (Phone +91-9639190897) was seen near the scene."
231,2026-06-05,405,296,139,"FIR No 231: On 2026-07-20 Nitara Vala (Aadhar 980891814797) reported a theft at Bhopal, Madhya Pradesh. Suspect Charvi Jha (Phone +91-7217069388) was seen near the scene."
232,2026-07-23,105,164,143,"FIR No 232: On 2026-07-18 Victor Pandey (Aadhar 741076101791) reported a theft at Jaipur, Rajasthan. Suspect Chaitanya Pandey (Phone +91-7988317990) was seen near the scene."
233,2026-05-30,482,158,69,"FIR No 233: On 2026-06-16 Megha Madan (Aadhar 291194737973) reported a theft at Jaipur, Rajasthan. Suspect Abdul Buch (Phone +91-8778905619) was seen near the scene."
234,2026-08-12,214,63,126,"FIR No 234: On 2026-06-23 Chakrika Pillai (Aadhar 236799716531) reported a theft at Lucknow, Uttar Pradesh. Suspect Xavier Chaudry (Phone +91-9182878006) was seen near the scene."
235,2026-07-03,372,331,119,"FIR No 235: On 2026-08-21 Lakshmi Wagle (Aadhar 591269009200) reported a theft at New Delhi, Delhi. Suspect Kalpit Oak (Phone +91-8166605339) was seen near the scene."
236,2026-06-07,378,381,127,"FIR No 236: On 2026-07-29 Tamanna Venkatesh (Aadhar 479935492546) reported a theft at Lucknow, Uttar Pradesh. Suspect Hritik Bahri (Phone +91-8917449772) was seen near the scene."
237,2026-06-19,113,83,101,"FIR No 237: On 2026-07-03 Warinder Patil (Aadhar 559069356637) reported a theft at Chennai, Tamil Nadu. Suspect Balveer Sankaran (Phone +91-8849785671) was seen near the scene."
238,2026-07-16,149,127,6,"FIR No 238: On 2026-07-19 Harita Sunder (Aadhar 825544892360) reported a theft at Hyderabad, Telangana. Suspect Pushti Bal (Phone +91-8941348507) was seen near the scene."
239,2026-07-05,293,171,67,"FIR No 239: On 2026-06-07 Luke Biswas (Aadhar 613311834571) reported a theft at Jaipur, Rajasthan. Suspect Azaan Dhar (Phone +91-9250402001) was seen near the scene."
240,2026-07-11,444,130,148,"FIR No 240: On 2026-07-15 Yagnesh Bassi (Aadhar 934769489293) reported a theft at Jaipur, Rajasthan. Suspect Nachiket Dugar (Phone +91-9946766309) was seen near the scene."
241,2026-07-18,416,488,199,"FIR No 241: On 2026-08-03 Vaishnavi Andra (Aadhar 877681000654) reported a theft at Kolkata, West Bengal. Suspect Idika Subramaniam (Phone +91-9479690385) was seen near the scene."
242,2026-06-30,256,313,184,"FIR No 242: On 2026-08-06 Yatin Tandon (Aadhar 252788830639) reported a theft at Mumbai, Maharashtra. Suspect Kashish Shanker (Phone +91-9484528348) was seen near the scene."
243,2026-07-17,372,60,47,"FIR No 243: On 2026-06-04 Lakshmi Wagle (Aadhar 591269009200) reported a theft at Bhopal, Madhya Pradesh. Suspect Inaya Kapur (Phone +91-9781891923) was seen near the scene."
244,2026-08-01,458,229,155,"FIR No 244: On 2026-08-14 Tristan Prabhakar (Aadhar 445654714857) reported a theft at New Delhi, Delhi. Suspect Qarin Yogi (Phone +91-8789144223) was seen near the scene."
245,2026-07-06,423,435,150,"FIR No 245: On 2026-06-30 Ishita Thakkar (Aadhar 994437325440) reported a theft at Chennai, Tamil Nadu. Suspect Udant Mannan (Phone +91-8648606935) was seen near the scene."
246,2026-05-31,225,2,48,"FIR No 246: On 2026-07-23 Chanakya Konda (Aadhar 152062942213) reported a theft at Jaipur, Rajasthan. Suspect Ayushman Chander (Phone +91-7756502473) was seen near the scene."
247,2026-07-26,293,90,113,"FIR No 247: On 2026-06-30 Luke Biswas (Aadhar 613311834571) reported a theft at Hyderabad, Telangana. Suspect Ishaan Shenoy (Phone +91-8652244897) was seen near the scene."
248,2026-07-30,36,83,15,"FIR No 248: On 2026-05-30 Joshua Barman (Aadhar 964424679955) reported a theft at Chennai, Tamil Nadu. Suspect Balveer Sankaran (Phone +91-8849785671) was seen near the scene."
249,2026-07-03,170,127,171,"FIR No 249: On 2026-07-23 Sanya Basak (Aadhar 219591149697) reported a theft at Lucknow, Uttar Pradesh. Suspect Pushti Bal (Phone +91-8941348507) was seen near the scene."
250,2026-07-04,462,306,120,"FIR No 250: On 2026-06-28 Aradhana Kara (Aadhar 704592315249) reported a theft at Jaipur, Rajasthan. Suspect Advik Konda (Phone +91-9230517007) was seen near the scene."
251,2026-07-20,389,270,128,"FIR No 251: On 2026-08-08 Hema Goswami (Aadhar 571066644856) reported a theft at Ahmedabad, Gujarat. Suspect Lopa Agrawal (Phone +91-9055850987) was seen near the scene."
252,2026-08-08,369,58,55,"FIR No 252: On 2026-07-18 Chaaya Chatterjee (Aadhar 176855083008) reported a theft at New Delhi, Delhi. Suspect Krishna Shenoy (Phone +91-7680229045) was seen near the scene."
253,2026-07-02,252,363,84,"FIR No 253: On 2026-06-11 Harshil Bal (Aadhar 254752570608) reported a theft at Chennai, Tamil Nadu. Suspect Kevin Ghose (Phone +91-8897690739) was seen near the scene."
254,2026-06-13,71,297,143,"FIR No 254: On 2026-07-12 Damini Krishnamurthy (Aadhar 830094678828) reported a theft at Jaipur, Rajasthan. Suspect Xalak Bobal (Phone +91-9888454001) was seen near the scene."
255,2026-05-30,485,469,133,"FIR No 255: On 2026-07-16 Frado Ramakrishnan (Aadhar 777476924384) reported a theft at Chennai, Tamil Nadu. Suspect Hredhaan Dar (Phone +91-7469738105) was seen near the scene."
256,2026-07-12,125,67,39,"FIR No 256: On 2026-05-28 Jason Roy (Aadhar 226813571724) reported a theft at Lucknow, Uttar Pradesh. Suspect Ayush Talwar (Phone +91-8427818730) was seen near the scene."
257,2026-08-04,15,416,173,"FIR No 257: On 2026-06-11 Ekiya Suresh (Aadhar 487967794459) reported a theft at Bhopal, Madhya Pradesh. Suspect Vaishnavi Andra (Phone +91-7993998848) was seen near the scene."
258,2026-06-11,386,498,26,"FIR No 258: On 2026-07-13 Gautam Vaidya (Aadhar 431729976873) reported a theft at Jaipur, Rajasthan. Suspect Zashil Raj (Phone +91-9771370988) was seen near the scene."
259,2026-05-27,69,407,94,"FIR No 259: On 2026-08-15 Vritti Sem (Aadhar 355047917740) reported a theft at Ahmedabad, Gujarat. Suspect Pahal Arya (Phone +91-7196346343) was seen near the scene."
260,2026-07-27,204,374,186,"FIR No 260: On 2026-08-05 Anita Devan (Aadhar 826011597249) reported a theft at Mumbai, Maharashtra. Suspect Dhriti Bhardwaj (Phone +91-7571186857) was seen near the scene."
261,2026-06-06,442,28,141,"FIR No 261: On 2026-07-19 Siddharth Doctor (Aadhar 392410126704) reported a theft at Bhopal, Madhya Pradesh. Suspect Netra Dar (Phone +91-7365849190) was seen near the scene."
262,2026-07-30,97,89,10,"FIR No 262: On 2026-07-31 Hamsini Rao (Aadhar 735798459372) reported a theft at New Delhi, Delhi. Suspect Jairaj Balakrishnan (Phone +91-8284857706) was seen near the scene."
263,2026-06-24,453,23,68,"FIR No 263: On 2026-08-18 Nilima Pathak (Aadhar 754964484237) reported a theft at Jaipur, Rajasthan. Suspect Qadim Mallick (Phone +91-7542366274) was seen near the scene."
264,2026-06-10,390,284,126,"FIR No 264: On 2026-07-09 Oviya Ganesan (Aadhar 808418719388) reported a theft at Lucknow, Uttar Pradesh. Suspect Yug Ramaswamy (Phone +91-8051742593) was seen near the scene."
265,2026-06-14,311,416,176,"FIR No 265: On 2026-07-27 Viraj Pal (Aadhar 973199827312) reported a theft at Bengaluru, Karnataka. Suspect Vaishnavi Andra (Phone +91-7993998848) was seen near the scene."
266,2026-06-16,454,239,133,"FIR No 266: On 2026-07-10 Jasmit Majumdar (Aadhar 431294404895) reported a theft at Chennai, Tamil Nadu. Suspect Abeer Sachar (Phone +91-8355473709) was seen near the scene."
267,2026-07-06,258,260,146,"FIR No 267: On 2026-06-30 Ekani Iyer (Aadhar 669079060568) reported a theft at Chennai, Tamil Nadu. Suspect Avi Shenoy (Phone +91-9627992499) was seen near the scene."
268,2026-05-28,225,179,176,"FIR No 268: On 2026-06-23 Chanakya Konda (Aadhar 152062942213) reported a theft at Bengaluru, Karnataka. Suspect Kabir Gopal (Phone +91-9761628889) was seen near the scene."
269,2026-07-16,108,355,190,"FIR No 269: On 2026-07-11 Faqid Dhaliwal (Aadhar 872704936140) reported a theft at Lucknow, Uttar Pradesh. Suspect Wazir Bawa (Phone +91-8578589030) was seen near the scene."
270,2026-08-05,370,361,96,"FIR No 270: On 2026-06-17 Isha Kapoor (Aadhar 547909643985) reported a theft at Hyderabad, Telangana. Suspect Urvi Palla (Phone +91-9423086220) was seen near the scene."
271,2026-08-04,342,264,92,"FIR No 271: On 2026-08-05 Baghyawati Mishra (Aadhar 699754869975) reported a theft at Bhopal, Madhya Pradesh. Suspect Tristan Uppal (Phone +91-7278911214) was seen near the scene."
272,2026-05-29,95,122,164,"FIR No 272: On 2026-08-10 Libni Doshi (Aadhar 377544614206) reported a theft at Hyderabad, Telangana. Suspect Ishwar Kale (Phone +91-9320207740) was seen near the scene."
273,2026-06-17,274,202,16,"FIR No 273: On 2026-07-17 Yasti Rama (Aadhar 667468951032) reported a theft at Chennai, Tamil Nadu. Suspect Ikshita Mahal (Phone +91-9088517710) was seen near the scene. The accused is known to associate with the complainant's circle."
274,2026-08-09,409,429,193,"FIR No 274: On 2026-05-31 Sneha Chaudry (Aadhar 350524863789) reported a theft at Mumbai, Maharashtra. Suspect Ishanvi Dave (Phone +91-8422796478) was seen near the scene."
275,2026-07-24,405,417,197,"FIR No 275: On 2026-07-04 Nitara Vala (Aadhar 980891814797) reported a theft at Bhopal, Madhya Pradesh. Suspect Lakshmi Comar (Phone +91-8958546579) was seen near the scene."
276,2026-08-20,21,104,5,"FIR No 276: On 2026-07-09 Gunbir Sankar (Aadhar 877449847333) reported a theft at Bhopal, Madhya Pradesh. Suspect Chakrika Merchant (Phone +91-8135840948) was seen near the scene."
277,2026-08-08,143,155,61,"FIR No 277: On 2026-07-16 Ekanta Soni (Aadhar 833896555423) reported a theft at Bhopal, Madhya Pradesh. Suspect Rajeshri Chand (Phone +91-9437795758) was seen near the scene."
278,2026-07-22,473,199,166,"FIR No 278: On 2026-07-24 Adya Khalsa (Aadhar 858407551188) reported a theft at New Delhi, Delhi. Suspect Nirja Thaker (Phone +91-9878128023) was seen near the scene."
279,2026-07-21,42,418,147,"FIR No 279: On 2026-07-27 Lekha Gupta (Aadhar 643485082462) reported a theft at Chennai, Tamil Nadu. Suspect Yoshita Trivedi (Phone +91-9647930485) was seen near the scene."
280,2026-06-06,438,407,147,"FIR No 280: On 2026-07-02 Brijesh Jhaveri (Aadhar 954565006570) reported a theft at Chennai, Tamil Nadu. Suspect Pahal Arya (Phone +91-7196346343) was seen near the scene."
281,2026-06-20,165,57,118,"FIR No 281: On 2026-07-28 Chaaya Jaggi (Aadhar 146136716197) reported a theft at Chennai, Tamil Nadu. Suspect Unni Datta (Phone +91-8237075775) was seen near the scene."
282,2026-06-23,35,178,42,"FIR No 282: On 2026-06-29 Aditya Choudhury (Aadhar 874331514343) reported a theft at Chennai, Tamil Nadu. Suspect Nirja Rout (Phone +91-9421225455) was seen near the scene."
283,2026-07-19,489,108,187,"FIR No 283: On 2026-07-24 Chavvi Anne (Aadhar 316148459341) reported a theft at Chennai, Tamil Nadu. Suspect Faqid Dhaliwal (Phone +91-8994013856) was seen near the scene."
284,2026-07-05,293,461,24,"FIR No 284: On 2026-06-15 Luke Biswas (Aadhar 613311834571) reported a theft at Ahmedabad, Gujarat. Suspect Megha Ravi (Phone +91-7489144474) was seen near the scene."
285,2026-08-21,12,399,39,"FIR No 285: On 2026-07-10 Michael Dutta (Aadhar 120585489939) reported a theft at Lucknow, Uttar Pradesh. Suspect Sneha Comar (Phone +91-9883858045) was seen near the scene."
286,2026-06-21,330,296,43,"FIR No 286: On 2026-06-03 Gautam Bhalla (Aadhar 691966545051) reported a theft at Hyderabad, Telangana. Suspect Charvi Jha (Phone +91-7217069388) was seen near the scene."
287,2026-07-12,399,475,187,"FIR No 287: On 2026-07-03 Sneha Comar (Aadhar 338623445822) reported a theft at Chennai, Tamil Nadu. Suspect Harish Madan (Phone +91-9965405644) was seen near the scene."
288,2026-07-20,483,301,192,"FIR No 288: On 2026-06-21 Qarin Bajaj (Aadhar 355387577956) reported a theft at Bengaluru, Karnataka. Suspect Dominic Mukherjee (Phone +91-9361618235) was seen near the scene."
289,2026-07-08,179,340,7,"FIR No 289: On 2026-05-30 Kabir Gopal (Aadhar 454869618887) reported a theft at Lucknow, Uttar Pradesh. Suspect Keya Dyal (Phone +91-8705078697) was seen near the scene."
290,2026-07-17,48,156,51,"FIR No 290: On 2026-07-02 Oeshi Hayer (Aadhar 797656813698) reported a theft at Hyderabad, Telangana. Suspect Yadavi Prakash (Phone +91-7676070354) was seen near the scene."
291,2026-08-05,245,142,168,"FIR No 291: On 2026-07-16 Victor Kakar (Aadhar 193635218050) reported a theft at Kolkata, West Bengal. Suspect Faraj Chana (Phone +91-9411995282) was seen near the scene."
292,2026-07-09,445,377,131,"FIR No 292: On 2026-07-06 Ojas Kuruvilla (Aadhar 591477314669) reported a theft at Kolkata, West Bengal. Suspect Kai Chauhan (Phone +91-9338374929) was seen near the scene."
293,2026-06-02,99,30,157,"FIR No 293: On 2026-07-02 Chandani Balakrishnan (Aadhar 242596327861) reported a theft at Jaipur, Rajasthan. Suspect Elijah Andra (Phone +91-8934944879) was seen near the scene."
294,2026-07-20,422,101,2,"FIR No 294: On 2026-08-19 Diya Badal (Aadhar 675939282671) reported a theft at Chennai, Tamil Nadu. Suspect Widisha Dhar (Phone +91-8267622868) was seen near the scene."
295,2026-08-09,296,213,121,"FIR No 295: On 2026-06-28 Charvi Jha (Aadhar 642374295556) reported a theft at Jaipur, Rajasthan. Suspect Jagvi Keer (Phone +91-9753842979) was seen near the scene. The accused is known to associate with the complainant's circle."
296,2026-08-21,43,108,176,"FIR No 296: On 2026-07-13 Raagini Boase (Aadhar 576266444796) reported a theft at Bengaluru, Karnataka. Suspect Faqid Dhaliwal (Phone +91-8994013856) was seen near the scene."
297,2026-06-04,304,256,24,"FIR No 297: On 2026-06-05 Adya Bose (Aadhar 540273328737) reported a theft at Ahmedabad, Gujarat. Suspect Yatin Tandon (Phone +91-7330220406) was seen near the scene."
298,2026-06-25,312,496,30,"FIR No 298: On 2026-07-07 Wazir Saini (Aadhar 752949477651) reported a theft at Chennai, Tamil Nadu. Suspect Hema Salvi (Phone +91-7607130330) was seen near the scene."
299,2026-07-07,75,204,13,"FIR No 299: On 2026-06-30 Qarin Behl (Aadhar 271669657267) reported a theft at Kolkata, West Bengal. Suspect Anita Devan (Phone +91-9261436148) was seen near the scene."
300,2026-06-30,325,78,188,"FIR No 300: On 2026-05-31 Zaid Bahl (Aadhar 625347689741) reported a theft at Chennai, Tamil Nadu. Suspect Sarthak Kakar (Phone +91-9692081959) was seen near the scene."
