person_id,name,phone,aadhar,address,city,state,location_id,ring_id
1,Aryan Maharaj,+91-8555585773,606070444418,"218, Sami Zila",Mumbai,Maharashtra,111,
2,Ayushman Chander,+91-7756502473,674382277186,"890, Issac Circle",Chennai,Tamil Nadu,112,
3,Thomas Sen,+91-9645323395,952714959642,"H.No. 265
Dugal Road",New Delhi,Delhi,70,
4,Gayathri Chaudry,+91-9544659112,453340068343,"15, Lalla Path",Chennai,Tamil Nadu,112,
5,Tripti Yadav,+91-8197987692,597707816158,"18, Pathak Road",Mumbai,Maharashtra,23,
6,Ekaraj Bath,+91-9621354709,519481675342,"H.No. 13, Rai Zila",Chennai,Tamil Nadu,146,3
7,Sudiksha Patla,+91-8395925222,633356940935,"H.No. 53, Bora Road",Lucknow,Uttar Pradesh,127,
8,Yash Gade,+91-8201124041,756615974502,"48
Nair Ganj",Chennai,Tamil Nadu,88,2
9,Veer Balay,+91-9387104291,666979281770,"41
Murty Ganj",Mumbai,Maharashtra,71,
10,Xalak Randhawa,+91-8036616336,549769295925,"423
Yohannan Circle",Hyderabad,Telangana,22,
11,Priya Rastogi,+91-8032183433,622657187359,"287
Batta Zila",New Delhi,Delhi,195,
12,Michael Dutta,+91-8924895021,120585489939,"16/69
Wadhwa Chowk",Lucknow,Uttar Pradesh,126,
13,Advay Contractor,+91-9971203213,436052436803,"51/462
Aggarwal Chowk",Lucknow,Uttar Pradesh,104,1
14,Xiti Gokhale,+91-9032638323,682197733190,"48/932, Edwin Path",Ahmedabad,Gujarat,95,
15,Ekiya Suresh,+91-9363900493,487967794459,"H.No. 543, Khosla Nagar",Bhopal,Madhya Pradesh,191,
16,Frederick Sunder,+91-8316935719,354482841033,"22/78, Lanka Street",New Delhi,Delhi,70,
17,Siddharth Zacharia,+91-7513483708,691601169418,"46/578, Dara Chowk",Hyderabad,Telangana,81,1
18,Umang Bhatt,+91-7795212538,337045863496,"H.No. 983
Kannan",Bhopal,Madhya Pradesh,177,
19,Ekavir Bhargava,+91-9532256470,937418150636,"H.No. 051, Khanna Circle",Mumbai,Maharashtra,71,
20,Vedika Kala,+91-7431756350,314029509095,"99/737, Gupta Marg",Chennai,Tamil Nadu,73,
21,Gunbir Sankar,+91-8298229437,877449847333,"67
Chaudhari Nagar",Lucknow,Uttar Pradesh,46,2
22,Neha Nori,+91-7195488441,160019139722,"338, Dey Chowk",Mumbai,Maharashtra,71,
23,Qadim Mallick,+91-7542366274,640104129762,"178
Bedi Zila",Kolkata,West Bengal,179,
24,Girik Khalsa,+91-8221228113,626002054624,"77, Rattan Ganj",Chennai,Tamil Nadu,147,0
25,Nitesh Raghavan,+91-7220661337,627687082060,"47, Sampath Road",Jaipur,Rajasthan,48,
26,Mohammed Gupta,+91-9112035409,731678373015,"098
Murthy Nagar",Mumbai,Maharashtra,103,0
27,Chandresh Sood,+91-7651662547,989699029003,"H.No. 812, Bir Zila",Bhopal,Madhya Pradesh,14,
28,Netra Dar,+91-7365849190,374851785492,"90/91, Virk Marg",Chennai,Tamil Nadu,78,
29,Advika Jayaraman,+91-9560345306,782001038753,"462
Shankar Road",Hyderabad,Telangana,156,3
30,Elijah Andra,+91-8934944879,589233301053,"91/18
Toor Ganj",Lucknow,Uttar Pradesh,98,4
31,Kevin Palla,+91-8311598149,781047077731,"542, Mittal Chowk",Mumbai,Maharashtra,110,4
32,Chandani Chawla,+91-7892442253,334614800586,"H.No. 11, Dugal Circle",Chennai,Tamil Nadu,196,0
33,Baghyawati Kade,+91-8030213097,706336912249,"487
Behl Road",Lucknow,Uttar Pradesh,41,0
34,Pallavi Malhotra,+91-8934898666,755795855462,"H.No. 524, Sathe Street",Bengaluru,Karnataka,105,0
35,Aditya Choudhury,+91-7994182853,874331514343,"28/059, Divan Circle",Bengaluru,Karnataka,9,
36,Joshua Barman,+91-9952295757,964424679955,"H.No. 05
Krish Ganj",Ahmedabad,Gujarat,19,3
37,Irya Ray,+91-9839759520,564706095026,"226, Gola Nagar",Kolkata,West Bengal,151,
38,Nisha Kothari,+91-7639904576,395959373593,"160
Kapadia Chowk",New Delhi,Delhi,166,1
39,Triveni Palla,+91-7256143439,968296026728,"303
Narasimhan Marg",Ahmedabad,Gujarat,19,
40,Ekaraj Mallick,+91-9444725646,417489104406,"86/850
Lal Zila",Bengaluru,Karnataka,192,
41,Alka Barad,+91-9957849462,870105207685,"65/56, Vaidya",Jaipur,Rajasthan,120,
42,Lekha Gupta,+91-9149511642,643485082462,"H.No. 608
Hegde Circle",New Delhi,Delhi,70,
43,Raagini Boase,+91-7171200764,576266444796,"51/48
Rege Road",Hyderabad,Telangana,154,
44,Neha Merchant,+91-8075321966,198895336689,"662, Mitra",New Delhi,Delhi,155,
45,Aadi Modi,+91-7089101055,941811753545,"699
Shroff Path",Kolkata,West Bengal,151,4
46,Riya Kala,+91-9474961963,937691416447,"21/489
Chander Path",Jaipur,Rajasthan,69,
47,Dayita Kar,+91-9228932714,588129516415,"003, Bora Chowk",Jaipur,Rajasthan,121,
48,Oeshi Hayer,+91-9513971584,797656813698,"63
Ahluwalia Street",Bhopal,Madhya Pradesh,47,
49,Pavani Kanda,+91-9018679284,548171080147,"87/083, Shan Zila",Ahmedabad,Gujarat,24,
50,Ucchal Wali,+91-7449253056,279777594736,"98
Sehgal Marg",Kolkata,West Bengal,172,
51,Vaishnavi Sengupta,+91-9128023255,827087359039,"487
Maharaj Ganj",Bhopal,Madhya Pradesh,178,
52,Faras Mangal,+91-9362646960,598373819327,"H.No. 55, Buch Circle",New Delhi,Delhi,195,
53,Matthew Kashyap,+91-7497879474,950275468961,"23/166
Shukla Path",Bengaluru,Karnataka,83,2
54,David Jhaveri,+91-7004943787,609136562669,"90
Rai",Hyderabad,Telangana,132,
55,Abeer Pandey,+91-9226680251,784453630589,"68
Kannan Circle",Hyderabad,Telangana,49,
56,Theodore Mahajan,+91-8898551433,159098709360,"06
Ravel Path",Lucknow,Uttar Pradesh,161,
57,Unni Datta,+91-8237075775,635574905748,"99, Chacko Nagar",Bhopal,Madhya Pradesh,34,4
58,Krishna Shenoy,+91-7680229045,706925050424,"H.No. 465, Sha Ganj",Jaipur,Rajasthan,62,4
59,Geetika Raghavan,+91-7965081954,228475055567,"41
Bahl Chowk",Ahmedabad,Gujarat,24,3
60,Inaya Kapur,+91-9781891923,271077752281,"00/330, Dua",Jaipur,Rajasthan,31,
61,Jonathan Solanki,+91-8253535854,875279701940,"37/45, Contractor Street",Mumbai,Maharashtra,184,
62,Deepa Chokshi,+91-8046816259,707552271685,"H.No. 96, Issac Marg",Jaipur,Rajasthan,121,3
63,Xavier Chaudry,+91-9182878006,400947542743,"91/905
Sangha Circle",Hyderabad,Telangana,154,1
64,Ekapad Toor,+91-8459753033,967300992787,"H.No. 671
Pathak Marg",Mumbai,Maharashtra,107,
65,Michael Saran,+91-8214784185,429535879738,"84/987, Sarin Chowk",New Delhi,Delhi,1,
66,Ekantika Korpal,+91-9834423953,590264484194,"H.No. 73, Raghavan Chowk",Jaipur,Rajasthan,149,
67,Ayush Talwar,+91-8427818730,939889089976,"735
Oak Road",Lucknow,Uttar Pradesh,89,
68,Anya Anne,+91-8382023198,309893341015,"H.No. 367, Khosla Circle",Ahmedabad,Gujarat,117,
69,Vritti Sem,+91-9455852189,355047917740,"H.No. 436, Mohan Ganj",Jaipur,Rajasthan,62,
70,Urvashi Wali,+91-7187463722,917410343160,"85
Setty Path",Jaipur,Rajasthan,106,
71,Damini Krishnamurthy,+91-8658195603,830094678828,"H.No. 351, Goyal Circle",Lucknow,Uttar Pradesh,98,
72,Tarak Sule,+91-7653287375,237597951504,"98/941
Minhas Ganj",Jaipur,Rajasthan,167,
73,Jalsa Gola,+91-8425906387,211109516823,"H.No. 824
Bhagat Nagar",Mumbai,Maharashtra,152,
74,Jonathan Swaminathan,+91-7428258482,114847393047,"H.No. 947, Sastry Chowk",Hyderabad,Telangana,113,
75,Qarin Behl,+91-9812264367,271669657267,"11
Swamy Marg",Bengaluru,Karnataka,105,
76,Chatresh Doshi,+91-9676878743,536766840508,"41/31, Saha Circle",Bhopal,Madhya Pradesh,87,2
77,Lajita Seshadri,+91-9896343368,687806398846,"H.No. 96
Bhasin Road",Bhopal,Madhya Pradesh,85,
78,Sarthak Kakar,+91-9692081959,635837550654,"12/328
Dugar Zila",Mumbai,Maharashtra,82,
79,Nilima Seshadri,+91-9651968205,357991902637,"H.No. 03
Mandal Road",New Delhi,Delhi,10,
80,Ekavir Kaur,+91-7977046129,201991584928,"93/618
Dixit Ganj",Bengaluru,Karnataka,74,
81,Lucky Bora,+91-9721926191,585762979758,"499, Sarna Road",Jaipur,Rajasthan,26,
82,Upadhriti Modi,+91-7197529702,973271539679,"H.No. 88
Sarma Chowk",Bengaluru,Karnataka,8,2
83,Balveer Sankaran,+91-8849785671,366913189856,"40/13
Bail",Hyderabad,Telangana,96,2
84,Banjeet Gill,+91-9928310291,300972340838,"74/29
Swamy Marg",Bhopal,Madhya Pradesh,145,
85,Upma Pall,+91-8643015259,849985945258,"H.No. 51
Narayan Street",Jaipur,Rajasthan,157,0
86,Warhi Mani,+91-7997241761,802060293051,"07/15
Naik Road",Lucknow,Uttar Pradesh,37,4
87,Netra Varkey,+91-7040361651,984329078416,"87/603, Pathak Circle",Lucknow,Uttar Pradesh,171,2
88,Riya Behl,+91-9910316591,274146312978,"H.No. 82, Sarma Road",Bengaluru,Karnataka,74,
89,Jairaj Balakrishnan,+91-8284857706,857736637113,"24/808, Chander Marg",Kolkata,West Bengal,151,2
90,Ishaan Shenoy,+91-8652244897,631946025298,"27/484, Subramanian Marg",Hyderabad,Telangana,51,2
91,Yagnesh Shan,+91-8541717841,424591345661,"39, Deshpande Circle",Chennai,Tamil Nadu,147,3
92,Anya Sachdeva,+91-7094229853,536618772435,"40/44
Suri",Lucknow,Uttar Pradesh,76,
93,Sanya Yohannan,+91-7210643427,769631000910,"H.No. 58
Purohit Circle",Bengaluru,Karnataka,176,4
94,Ekanta Gulati,+91-7988350974,983075619976,"63/60, Solanki Path",Bengaluru,Karnataka,74,
95,Libni Doshi,+91-7816610683,377544614206,"H.No. 289
Chaudhry Path",Lucknow,Uttar Pradesh,163,
96,Harish Vora,+91-9831163141,787782229702,"H.No. 262
Singh Zila",Ahmedabad,Gujarat,185,
97,Hamsini Rao,+91-8893321208,735798459372,"H.No. 86, Sura Path",Ahmedabad,Gujarat,80,0
98,Ekapad Keer,+91-7387119894,426029368922,"161
Sawhney Zila",Bhopal,Madhya Pradesh,34,
99,Chandani Balakrishnan,+91-7754368373,242596327861,"H.No. 04, Prasad Path",Mumbai,Maharashtra,107,
100,Madhav Konda,+91-9279993598,379879587162,"22/21
Raja",Ahmedabad,Gujarat,94,
101,Widisha Dhar,+91-8267622868,981923066620,"47, Andra Road",Lucknow,Uttar Pradesh,124,
102,Bhavna Dugar,+91-7969007714,846723617943,"59, Samra Road",Lucknow,Uttar Pradesh,37,0
103,Tanmayi Mittal,+91-9393639475,200355239707,"71, Raj Ganj",Lucknow,Uttar Pradesh,102,
104,Chakrika Merchant,+91-8135840948,235448546713,"64/090, Taneja",Mumbai,Maharashtra,4,
105,Victor Pandey,+91-9887681752,741076101791,"39/421, More Nagar",Bhopal,Madhya Pradesh,173,
106,Bahadurjit Patla,+91-8595467139,839199717879,"H.No. 456, Iyer Street",Hyderabad,Telangana,164,
107,Jasmit Wali,+91-9411226340,343138451678,"474
Contractor Path",Jaipur,Rajasthan,159,0
108,Faqid Dhaliwal,+91-8994013856,872704936140,"68/516, Lalla Nagar",Lucknow,Uttar Pradesh,163,
109,Suhani Pillay,+91-7501119337,147844977968,"65/13
Bakshi Chowk",Bengaluru,Karnataka,105,
110,Timothy Bhatnagar,+91-9115806625,203577948775,"46/120
Modi Nagar",Chennai,Tamil Nadu,78,
111,Jack Chatterjee,+91-8669221121,505675310918,"26/75, Saini Circle",Hyderabad,Telangana,35,4
112,Oeshi Chaudhary,+91-9991375951,696768414616,"64/05
Sawhney Ganj",Bhopal,Madhya Pradesh,191,
113,Warinder Patil,+91-7663670797,559069356637,"58/506, Gupta Road",Bhopal,Madhya Pradesh,191,
114,Suhani Chand,+91-9644206129,409029431863,"90/053, Jha Street",Lucknow,Uttar Pradesh,126,
115,Sarthak Kalita,+91-8904315855,208931907098,"H.No. 29, Malhotra Nagar",Mumbai,Maharashtra,56,2
116,Kalpit Zachariah,+91-9338463041,493611533984,"102
Parmar Nagar",Ahmedabad,Gujarat,95,
117,Ekiya Babu,+91-7524671997,601756080094,"H.No. 02, Vora Marg",Hyderabad,Telangana,49,2
118,Devansh Soni,+91-9746601166,151631337129,"H.No. 89
Seth Zila",Kolkata,West Bengal,165,1
119,Caleb Verma,+91-7540838949,721855335832,"00
Ratti Chowk",New Delhi,Delhi,63,
120,Hritik Swaminathan,+91-9518496186,994280701567,"H.No. 159
Bhatti Street",Ahmedabad,Gujarat,54,4
121,Anvi Nair,+91-7633740357,102559721644,"84/78
Sani",Bhopal,Madhya Pradesh,85,
122,Ishwar Kale,+91-9320207740,977249879964,"36
Setty Path",Bhopal,Madhya Pradesh,34,1
123,Ojasvi Chandran,+91-7063824611,969122032652,"54
Dua Path",Bhopal,Madhya Pradesh,34,0
124,Ekalinga Chand,+91-8390587865,289046340270,"H.No. 615, Bhasin Street",Kolkata,West Bengal,151,
125,Jason Roy,+91-8808011838,226813571724,"60/494
Chawla Path",Lucknow,Uttar Pradesh,190,1
126,Mohammed Subramaniam,+91-8925327382,498478548963,"H.No. 585, Mallick Zila",Chennai,Tamil Nadu,122,
127,Pushti Bal,+91-8941348507,342682139286,"H.No. 244
Panchal Path",Hyderabad,Telangana,28,
128,Pratyush Dhar,+91-9829967158,432952097715,"H.No. 201
Kale Circle",Jaipur,Rajasthan,12,
129,Oni Setty,+91-7261243105,628274907582,"545
Chad",Bengaluru,Karnataka,8,
130,Nachiket Dugar,+91-9946766309,637334604519,"14/767, Sathe",Mumbai,Maharashtra,110,
131,Anjali Kale,+91-7315640205,189761667273,"H.No. 61, Sur Road",Bhopal,Madhya Pradesh,114,
132,Chakradev Kannan,+91-7282103057,401189699468,"00/34
Devan Ganj",Lucknow,Uttar Pradesh,38,
133,Bimala Narang,+91-9355172948,459540958538,"H.No. 762, Rai Street",Chennai,Tamil Nadu,150,
134,Xiti Pandya,+91-9278724262,599482782524,"06, Sharaf Nagar",New Delhi,Delhi,153,
135,Dhriti Sanghvi,+91-7425968237,872205467773,"64/160
Garg Path",Mumbai,Maharashtra,111,
136,Janaki Chakrabarti,+91-7923517027,595768375362,"H.No. 369
Viswanathan Marg",Ahmedabad,Gujarat,185,4
137,Meghana Mukherjee,+91-8455700196,601769944847,"521
Comar Circle",Jaipur,Rajasthan,106,
138,Ikshita Panchal,+91-7408390575,569493820213,"124, Ghose Ganj",Chennai,Tamil Nadu,187,
139,Faqid Goel,+91-8607610633,271599373228,"99
Naidu Chowk",New Delhi,Delhi,66,
140,Matthew Sarraf,+91-7288335378,199150884956,"74, Bhalla Road",Chennai,Tamil Nadu,122,
141,Yashica Borah,+91-8600506062,245220443325,"70
Pillay Nagar",Bhopal,Madhya Pradesh,191,
142,Faraj Chana,+91-9411995282,463189664618,"98
Sengupta Nagar",Kolkata,West Bengal,151,
143,Ekanta Soni,+91-8518692176,833896555423,"H.No. 715, Thaman Zila",Jaipur,Rajasthan,106,
144,Balveer Kota,+91-7220959215,417691853029,"88
Dutt",Bhopal,Madhya Pradesh,109,
145,Kashish Mandal,+91-7444961037,656532922316,"59
Natt Nagar",New Delhi,Delhi,91,
146,Forum Chandra,+91-7464794418,506116067841,"H.No. 49
Nath Street",Mumbai,Maharashtra,58,3
147,Lohit Palla,+91-7971345904,571618424652,"62/914
Puri Circle",Chennai,Tamil Nadu,147,2
148,Joshua Vyas,+91-9670283403,841369652067,"68/505, Gole Road",Bhopal,Madhya Pradesh,197,
149,Harita Sunder,+91-9615613239,825544892360,"221, Chaudhuri Road",Lucknow,Uttar Pradesh,7,
150,Gayathri Deep,+91-7124352982,397127624567,"229
Sarma Street",Jaipur,Rajasthan,69,
151,Nirja Patla,+91-8459535801,105802601424,"94, Kaur Chowk",Ahmedabad,Gujarat,80,
152,Dayamai Singh,+91-9823273703,174735799705,"H.No. 97, Manda Chowk",Bhopal,Madhya Pradesh,145,1
153,Yadavi Wable,+91-9278405793,513240849105,"392
Ben Road",Ahmedabad,Gujarat,24,0
154,Kamya Chauhan,+91-7676067682,440891782309,"H.No. 12, Sengupta Road",Chennai,Tamil Nadu,88,
155,Rajeshri Chand,+91-9437795758,192755074844,"50, Bera Marg",Kolkata,West Bengal,199,
156,Yadavi Prakash,+91-7676070354,781845110195,"15, Bala Ganj",Hyderabad,Telangana,40,
157,Hardik Nayak,+91-8903155722,566699473017,"047, Singh Street",New Delhi,Delhi,70,0
158,Abdul Buch,+91-8778905619,337396443949,"H.No. 32, Wable Circle",Bhopal,Madhya Pradesh,114,
159,Indrajit Mani,+91-8482506118,222105549288,"H.No. 10, Saini Ganj",Chennai,Tamil Nadu,30,
160,Dev Choudhry,+91-9263164755,437872761622,"80/89
Dhawan Ganj",Hyderabad,Telangana,125,4
161,Pushti Agarwal,+91-7235286733,323371315180,"962
Viswanathan Zila",Hyderabad,Telangana,154,3
162,Ekansh Vora,+91-7589418977,382454920303,"70, Prakash Marg",New Delhi,Delhi,55,
163,Amol Parikh,+91-9136253713,575654803776,"H.No. 31, Natarajan",Chennai,Tamil Nadu,2,0
164,Chaitanya Pandey,+91-7988317990,716328933739,"27/722
Shankar Zila",Lucknow,Uttar Pradesh,137,3
165,Chaaya Jaggi,+91-7309561891,146136716197,"054, Rao Circle",New Delhi,Delhi,91,
166,Zehaan Bansal,+91-7334417350,447300118003,"H.No. 50, Mahajan Path",Chennai,Tamil Nadu,118,
167,Jhalak Sarkar,+91-8736983049,803126944073,"76/527
Pillai Chowk",Chennai,Tamil Nadu,147,
168,Fitan Samra,+91-8739600515,286078462460,"92, Memon Circle",Chennai,Tamil Nadu,30,
169,Harshil Buch,+91-8976101133,859487768166,"44/796
Sawhney Street",Jaipur,Rajasthan,159,
170,Sanya Basak,+91-8875662813,219591149697,"64/01
Patla Marg",Mumbai,Maharashtra,23,
171,Azaan Dhar,+91-9250402001,534129483583,"H.No. 213
Pathak Path",Mumbai,Maharashtra,103,4
172,Bachittar Dube,+91-8458198451,466023864910,"H.No. 57
Devan Zila",Bhopal,Madhya Pradesh,191,
173,Mitali Murthy,+91-9192509020,227273730823,"102
Vasa Chowk",New Delhi,Delhi,20,
174,Jacob Lala,+91-8500555353,900371878921,"73/947
Das Ganj",Jaipur,Rajasthan,50,
175,Ethan Seth,+91-7634323009,212683916677,"71/551, Mannan Circle",New Delhi,Delhi,166,
176,Nakul Ghosh,+91-9587283948,933880226158,"31/32
Tak Ganj",New Delhi,Delhi,45,1
177,Jalsa Pillay,+91-7760836806,950194325949,"29/11
Rao Road",New Delhi,Delhi,20,
178,Nirja Rout,+91-9421225455,738918807302,"517, Varughese Chowk",New Delhi,Delhi,119,
179,Kabir Gopal,+91-9761628889,454869618887,"80, Vasa Zila",Bhopal,Madhya Pradesh,145,
180,Daksha Gala,+91-8357806226,581684694243,"H.No. 35, Mander Circle",Lucknow,Uttar Pradesh,161,
181,Zashil Hegde,+91-8300603858,404067920664,"498
Thakkar Zila",Chennai,Tamil Nadu,162,3
182,Mitesh Garg,+91-9178995337,439621062847,"00/10
Lanka",New Delhi,Delhi,91,
183,Omaja Balasubramanian,+91-7244340918,182837365101,"84/473
Mishra Marg",New Delhi,Delhi,10,
184,Elijah Bhasin,+91-9641440900,656602334572,"67, Jani Chowk",Ahmedabad,Gujarat,24,
185,Maanas Munshi,+91-9380770668,971681786757,"56/258
Cherian Circle",Jaipur,Rajasthan,149,
186,Wyatt Shukla,+91-8931591531,992962570107,"H.No. 73, Chatterjee Street",Ahmedabad,Gujarat,11,
187,Bina Rajagopalan,+91-8380946943,622289523089,"259
Gupta Path",Hyderabad,Telangana,49,
188,Wishi Varma,+91-8934982045,989502767451,"47
Chana Nagar",Chennai,Tamil Nadu,16,
189,Yashasvi Shankar,+91-7362190850,810836625307,"950, Manda Nagar",Chennai,Tamil Nadu,88,
190,Upma Mangal,+91-8880157459,585292589726,"H.No. 624, Rau Path",Kolkata,West Bengal,182,1
191,Chakradev Rattan,+91-7681809785,509584822948,"83/58, Borah Road",Jaipur,Rajasthan,157,
192,Yamini Seshadri,+91-8755651176,472693488384,"91/21
Prakash Marg",Hyderabad,Telangana,100,
193,Jasmit Dhawan,+91-9709637214,467852375490,"86/80, Barad Nagar",Bhopal,Madhya Pradesh,14,
194,Gauri Som,+91-9913617098,410897925931,"982
Nagar Path",Jaipur,Rajasthan,143,0
195,Maya Mistry,+91-8431779064,740300175457,"88/79
Soman Road",Lucknow,Uttar Pradesh,39,4
196,Jyoti Narula,+91-8332435144,821415763294,"94, Som Nagar",Lucknow,Uttar Pradesh,90,
197,Vedant Behl,+91-7553843145,879944763170,"896
Kibe Street",Chennai,Tamil Nadu,101,
198,Imaran Halder,+91-9400552009,805992461852,"56, Sachar Street",Ahmedabad,Gujarat,80,
199,Nirja Thaker,+91-9878128023,915816619507,"02/838
Sridhar Path",Kolkata,West Bengal,33,
200,Dipta Ghose,+91-7401377436,837214063081,"58/54
Sule",New Delhi,Delhi,135,
201,Yatin Mallick,+91-7078299575,440859761513,"443
Nadig Chowk",Chennai,Tamil Nadu,93,
202,Ikshita Mahal,+91-9088517710,345637792072,"H.No. 986
Pai Marg",Chennai,Tamil Nadu,88,1
203,Bina Basak,+91-7331421524,210759132777,"15/747
Jaggi Ganj",Hyderabad,Telangana,40,
204,Anita Devan,+91-9261436148,826011597249,"93/30, Kara Circle",Bhopal,Madhya Pradesh,139,
205,Charles Chaudhry,+91-9654424954,753397880348,"H.No. 71
Ahluwalia Street",Bhopal,Madhya Pradesh,197,
206,Niharika Soni,+91-7776727492,863779811221,"34/540
Kata Zila",Chennai,Tamil Nadu,42,
207,Parth Sahni,+91-8879792991,551159223644,"H.No. 672, Barad Road",Hyderabad,Telangana,43,
208,Chanchal Chhabra,+91-8020184428,589495655793,"H.No. 78
Tak Circle",Ahmedabad,Gujarat,185,
209,Yamini Sidhu,+91-8928130926,685120587252,"152
Kurian Chowk",Mumbai,Maharashtra,193,
210,Akshay Nazareth,+91-8579864877,608698492376,"32/96
Varma Marg",Jaipur,Rajasthan,50,3
211,Gabriel Rattan,+91-8640129626,681980552757,"275, Ahuja Ganj",Ahmedabad,Gujarat,200,
212,Leela Keer,+91-7857695227,764866345752,"H.No. 54
Apte",Chennai,Tamil Nadu,42,
213,Jagvi Keer,+91-9753842979,707184732581,"17/426, Mukhopadhyay Circle",Bhopal,Madhya Pradesh,14,2
214,Chakrika Pillai,+91-9215813941,236799716531,"272, Prakash Chowk",Kolkata,West Bengal,183,
215,Urishilla Yogi,+91-8929811336,666528976346,"918, Wable Chowk",New Delhi,Delhi,70,1
216,Faras Choudhury,+91-7953645978,597428952800,"83/98, Gala Street",Ahmedabad,Gujarat,24,3
217,Zinal Sathe,+91-8781968664,534020433500,"39/718, Bhakta Chowk",Lucknow,Uttar Pradesh,7,
218,Kevin Varghese,+91-8658570832,190170799779,"90
Shere Circle",Bhopal,Madhya Pradesh,61,
219,Anthony Randhawa,+91-8368741091,211372049245,"H.No. 391
Sampath Nagar",Bengaluru,Karnataka,8,
220,Devansh Bhasin,+91-8440061103,262312743925,"04, Gole Marg",Jaipur,Rajasthan,167,
221,Osha Prasad,+91-9989606411,253893447730,"66
Zacharia Zila",Jaipur,Rajasthan,121,2
222,Ijaya Dani,+91-8926728669,106937867936,"68/23, Bajaj Nagar",Jaipur,Rajasthan,121,
223,Ubika Samra,+91-8099184899,701937603321,"375
Majumdar Street",Bhopal,Madhya Pradesh,5,
224,Isaiah Balay,+91-9266761348,222076949651,"03/31
Bandi Zila",Hyderabad,Telangana,156,
225,Chanakya Konda,+91-8293434554,152062942213,"73, Kalla Circle",Bhopal,Madhya Pradesh,61,
226,Logan Thakur,+91-7269754673,649348422854,"959
Nagi",Chennai,Tamil Nadu,118,4
227,Chasmum Dhar,+91-9714225802,733573714419,"44, Gill Nagar",Bhopal,Madhya Pradesh,5,
228,Warhi Batta,+91-8843567009,774316584253,"68/566
Mital Street",Lucknow,Uttar Pradesh,75,1
229,Qarin Yogi,+91-8789144223,830948947428,"342
Bhardwaj Chowk",Chennai,Tamil Nadu,147,
230,Omaja Wagle,+91-8548781344,699259862247,"34, Narayanan Ganj",New Delhi,Delhi,135,
231,Shivani Prabhakar,+91-9380064537,525289097473,"30/46, Baral",Bhopal,Madhya Pradesh,130,
232,Raghav Kalla,+91-9730185259,376481228502,"540
Gupta Ganj",Jaipur,Rajasthan,12,
233,Varenya Kibe,+91-7290166087,363473920508,"38, Mandal Path",Bhopal,Madhya Pradesh,92,
234,Unnati Walla,+91-7445232926,738968732973,"H.No. 45
Tank Circle",Lucknow,Uttar Pradesh,161,
235,Guneet Singh,+91-7572989855,486737476962,"556
Kant Nagar",Bhopal,Madhya Pradesh,86,
236,Amol Lal,+91-7752002052,958264962544,"H.No. 23
Karpe Path",Kolkata,West Bengal,165,
237,Yatan Tata,+91-9055275742,300281780432,"H.No. 77
Ganguly Chowk",Kolkata,West Bengal,179,
238,Omkaar Dey,+91-8965718821,422281391379,"808
Borde Nagar",Chennai,Tamil Nadu,17,
239,Abeer Sachar,+91-8355473709,443311214228,"31/203, Shah Circle",Ahmedabad,Gujarat,11,1
240,Darpan Subramanian,+91-9033236512,139742680014,"H.No. 088
Arora Marg",Mumbai,Maharashtra,140,
241,Anvi Wason,+91-8228836941,154893296571,"H.No. 862
Char Zila",Hyderabad,Telangana,49,
242,Wridesh Handa,+91-8173456409,976707944458,"H.No. 46
Prakash Zila",Bhopal,Madhya Pradesh,85,
243,Tripti Kohli,+91-8888654461,471027814103,"H.No. 10, Ravi Zila",Mumbai,Maharashtra,103,
244,Krishna Soni,+91-9972411520,505863772515,"02/176, Chandran Path",Ahmedabad,Gujarat,128,
245,Victor Kakar,+91-8145556651,193635218050,"H.No. 01
Bali Road",Chennai,Tamil Nadu,133,
246,Divya Babu,+91-8849443634,301100424526,"26/14, Khosla Street",Chennai,Tamil Nadu,21,
247,Garima Rajagopalan,+91-7440654676,456826178928,"18/501, Kata Marg",Bengaluru,Karnataka,83,
248,Harini Ranganathan,+91-8915193614,888567255357,"H.No. 477
Parekh Ganj",Bhopal,Madhya Pradesh,79,
249,Rachana Grewal,+91-8906571986,591136154556,"H.No. 943
Butala Zila",Bhopal,Madhya Pradesh,177,
250,Mitesh Rai,+91-8868055235,801258875542,"65/511, Morar Nagar",Hyderabad,Telangana,158,2
251,Jagvi Madan,+91-7322299355,802962382098,"126, Vala Chowk",Chennai,Tamil Nadu,15,
252,Harshil Bal,+91-9918046336,254752570608,"H.No. 81, Nair",Hyderabad,Telangana,132,
253,Advik Manne,+91-8881937953,237588413911,"18
Verma Ganj",Lucknow,Uttar Pradesh,174,
254,Lajita Gara,+91-8644347110,726848188124,"H.No. 44, Dhingra Chowk",Chennai,Tamil Nadu,93,2
255,Oliver Saran,+91-8932402710,507802091871,"47
Patel Zila",Lucknow,Uttar Pradesh,174,1
256,Yatin Tandon,+91-7330220406,252788830639,"12, Ahuja Road",Chennai,Tamil Nadu,196,
257,Gaurangi Rai,+91-8350275186,407732520156,"56
Deshpande",Lucknow,Uttar Pradesh,102,
258,Ekani Iyer,+91-7799070274,669079060568,"H.No. 26
Manne Path",Lucknow,Uttar Pradesh,7,0
259,Xavier Nanda,+91-7505779640,951527846849,"H.No. 65
Iyengar Zila",Bengaluru,Karnataka,144,
260,Avi Shenoy,+91-9627992499,861435754729,"41, Tata Marg",New Delhi,Delhi,55,3
261,Chavvi Khurana,+91-7859759428,246555611783,"26/617
Srinivas",Lucknow,Uttar Pradesh,126,
262,Yashawini Sahota,+91-7741553420,885543844896,"H.No. 89, Chopra Zila",Bengaluru,Karnataka,116,
263,Isha Ganesan,+91-9928863857,452129656888,"65/61, Chaudhari Nagar",Mumbai,Maharashtra,23,
264,Tristan Uppal,+91-7278911214,695067706602,"56, Tella Chowk",Kolkata,West Bengal,182,
265,Hemani Bakshi,+91-9738900744,972626076284,"H.No. 461
Dhar Zila",Lucknow,Uttar Pradesh,41,2
266,Devika Oza,+91-7521247759,323274444183,"875
Chatterjee Chowk",Mumbai,Maharashtra,58,
267,Sneha Nagar,+91-9121808073,495249880275,"H.No. 01, Oza Nagar",Bhopal,Madhya Pradesh,61,
268,Nitesh Kohli,+91-9007492791,244103226328,"25/86, Kata Chowk",Ahmedabad,Gujarat,95,
269,Qarin Grewal,+91-7282385977,535120090431,"09
Sengupta Ganj",Mumbai,Maharashtra,23,
270,Lopa Agrawal,+91-9055850987,553229411741,"419, Yadav Zila",Ahmedabad,Gujarat,185,
271,Jasmit Nanda,+91-7316756902,805736260017,"14, Wable Chowk",Jaipur,Rajasthan,148,
272,Lipika Ramanathan,+91-9222044336,238918633188,"H.No. 57, Gera",Ahmedabad,Gujarat,175,3
273,Frado Desai,+91-9367830246,746992988388,"H.No. 341
Prakash Street",Ahmedabad,Gujarat,200,
274,Yasti Rama,+91-9159783506,667468951032,"29/66
Sur Street",Mumbai,Maharashtra,111,1
275,Ojas Suri,+91-8385817349,881403749000,"257
Bera",Chennai,Tamil Nadu,42,1
276,Aditya Sundaram,+91-7338700713,315824706429,"688, Rege Chowk",Chennai,Tamil Nadu,73,4
277,Ojasvi Sawhney,+91-8178758213,787732369667,"190
Master Ganj",Jaipur,Rajasthan,142,
278,Anvi Kar,+91-7401271939,806533171773,"797
Vaidya Circle",Lucknow,Uttar Pradesh,137,
279,Ishaan Loyal,+91-7735301069,785729036205,"07/83
Chaudry Marg",Hyderabad,Telangana,40,4
280,Chameli Bali,+91-8450065086,145370393987,"H.No. 51
Dalal Chowk",New Delhi,Delhi,155,
281,Shaurya Panchal,+91-7348849508,948863580109,"923
Bhargava Ganj",Bengaluru,Karnataka,8,
282,Avni Yohannan,+91-7905415100,730359289027,"H.No. 44, Loke",Jaipur,Rajasthan,167,
283,Krishna Sabharwal,+91-7130076950,699694103067,"H.No. 22, Dhingra Ganj",Hyderabad,Telangana,164,
284,Yug Ramaswamy,+91-8051742593,988219372272,"946
Seth Marg",Lucknow,Uttar Pradesh,124,2
285,Girik Rau,+91-8947957237,856227660834,"57/759
Chander Nagar",Hyderabad,Telangana,77,
286,Ishita Bhatnagar,+91-9079842771,325333063288,"637
Naidu Road",Mumbai,Maharashtra,107,3
287,Geetika De,+91-8342531599,889679065378,"H.No. 00
Sharaf Zila",Lucknow,Uttar Pradesh,37,
288,Jeet Dugar,+91-8712474804,933785291760,"06
Deo Ganj",Lucknow,Uttar Pradesh,89,
289,Nathan Mahal,+91-7456056539,363363597372,"54/152, Randhawa Nagar",Bengaluru,Karnataka,144,
290,Vivaan Sanghvi,+91-8931000173,255683626158,"10/371, Kara Street",Jaipur,Rajasthan,69,
291,Aditya Anand,+91-9643025991,372378814691,"H.No. 627
Karnik Zila",Bengaluru,Karnataka,99,2
292,Gaurav Chaudry,+91-8406326125,735370624829,"H.No. 54, Raja Street",Lucknow,Uttar Pradesh,41,
293,Luke Biswas,+91-7684370461,613311834571,"27/53, Sabharwal Street",Hyderabad,Telangana,49,
294,Teerth Chadha,+91-9136189070,198883789268,"196, Sanghvi Path",Bhopal,Madhya Pradesh,79,
295,Logan Kota,+91-8963790638,366144892534,"13/899
Mane",Bhopal,Madhya Pradesh,130,
296,Charvi Jha,+91-7217069388,642374295556,"64/037, Chowdhury Marg",Kolkata,West Bengal,13,2
297,Xalak Bobal,+91-9888454001,415553767744,"H.No. 52, Salvi Marg",Kolkata,West Bengal,168,
298,Orinder Sinha,+91-8850820685,899999819493,"H.No. 910, Kale Road",Hyderabad,Telangana,28,
299,Darpan Rao,+91-8571688961,538280978812,"86/661
Yogi Circle",Lucknow,Uttar Pradesh,104,
300,Arunima Chacko,+91-8557027753,415908686997,"H.No. 832
Narain Circle",Jaipur,Rajasthan,50,4
301,Dominic Mukherjee,+91-9361618235,787147912287,"30/316
Setty Zila",Bengaluru,Karnataka,116,4
302,Dayamai Gill,+91-7552605034,207267163908,"H.No. 202, Palan Chowk",Jaipur,Rajasthan,31,
303,Ojas Prabhu,+91-9395869480,503464711934,"41/056, Viswanathan Road",Bhopal,Madhya Pradesh,87,
304,Adya Bose,+91-9587558681,540273328737,"85
Tata Nagar",Hyderabad,Telangana,51,
305,Jhalak Dugar,+91-7167134213,882272614600,"H.No. 913
Agate Circle",Jaipur,Rajasthan,12,
306,Advik Konda,+91-9230517007,265171508177,"56, Gola Street",Chennai,Tamil Nadu,122,
307,Oni Kapur,+91-7600354779,450525458521,"654
Pradhan Zila",Hyderabad,Telangana,132,
308,Yadavi Ben,+91-8285201700,471917215429,"806, Shroff Zila",Lucknow,Uttar Pradesh,190,4
309,Deepa Narang,+91-9286382166,879492955934,"70/53, Modi Road",Kolkata,West Bengal,131,
310,Ucchal Pillay,+91-7071455195,462359337607,"832
Rout Nagar",Chennai,Tamil Nadu,122,
311,Viraj Pal,+91-9506981604,973199827312,"H.No. 06, Chawla Road",Mumbai,Maharashtra,107,
312,Wazir Saini,+91-9702653209,752949477651,"H.No. 241
Kata Nagar",Bhopal,Madhya Pradesh,177,
313,Kashish Shanker,+91-9484528348,351589024007,"18/26, Bhatia Zila",Kolkata,West Bengal,168,
314,Kalpit Khalsa,+91-9063511828,676257961395,"H.No. 56
Nadkarni Path",Chennai,Tamil Nadu,150,
315,Anita Kaur,+91-8632905061,369211672097,"291, Cherian Street",Jaipur,Rajasthan,159,
316,Shivani Shukla,+91-7081335390,445491629910,"18
Johal Path",Hyderabad,Telangana,49,0
317,Darika Sheth,+91-9965676060,551847274182,"H.No. 124
Baria",Jaipur,Rajasthan,106,
318,Falak Divan,+91-9025530021,902024314077,"35/680, Lad Road",Jaipur,Rajasthan,157,
319,Azaan Ravel,+91-7890525840,458891275909,"83/17
Dey Zila",Chennai,Tamil Nadu,133,1
320,Advik Bhatia,+91-9256907178,445215833763,"365, Lad Zila",Kolkata,West Bengal,123,
321,Anthony Bhattacharyya,+91-9289763301,698470737486,"72/151, Shenoy Nagar",Chennai,Tamil Nadu,118,
322,Om Sant,+91-9923781318,983231287229,"06
Gera Marg",Bhopal,Madhya Pradesh,198,
323,Tanish Grover,+91-9079537716,406001469648,"H.No. 72
Korpal Nagar",Jaipur,Rajasthan,157,
324,Wishi Sabharwal,+91-8278244804,416844780876,"H.No. 146
Saini Street",Mumbai,Maharashtra,58,
325,Zaid Bahl,+91-9100252248,625347689741,"57/875
Thakkar",Bhopal,Madhya Pradesh,177,
326,Lipika Madan,+91-8174491176,234380032135,"H.No. 593, Mand Nagar",Ahmedabad,Gujarat,185,
327,Urmi Wagle,+91-8630774093,999342668835,"32/13
Lata Ganj",Mumbai,Maharashtra,140,
328,Theodore Rama,+91-7629110165,144197157631,"239
Parmer Path",Bhopal,Madhya Pradesh,198,
329,Indira Dhar,+91-8899990924,381990252760,"84, Swaminathan Street",Lucknow,Uttar Pradesh,89,0
330,Gautam Bhalla,+91-7867875464,691966545051,"30/87, Narula Nagar",New Delhi,Delhi,55,
331,Kalpit Oak,+91-8166605339,216553699857,"H.No. 00, Dhar Street",Kolkata,West Bengal,179,4
332,Janya Bora,+91-8027708670,152580956926,"69/154
Deshpande Path",Kolkata,West Bengal,151,
333,Rajeshri Sur,+91-7969252345,356143021540,"895
Gill Ganj",Lucknow,Uttar Pradesh,136,
334,Damyanti Menon,+91-9028959334,847756146579,"096, Bali",Bhopal,Madhya Pradesh,85,3
335,Eesha Kant,+91-9363746243,547354950544,"25, Khanna Zila",Chennai,Tamil Nadu,2,
336,Ekaja Ganesh,+91-9050625761,321837374500,"57/043, Bir Ganj",Chennai,Tamil Nadu,122,
337,Aahana Chokshi,+91-8379404786,809895453406,"H.No. 676, Sachdev Street",Bengaluru,Karnataka,74,
338,Kritika Panchal,+91-9465883999,685112930413,"H.No. 793
Seth Street",Jaipur,Rajasthan,167,0
339,Bahadurjit Menon,+91-7751897503,296871013927,"H.No. 41, Oommen Zila",New Delhi,Delhi,10,
340,Keya Dyal,+91-8705078697,644550144444,"15/99, Balasubramanian Chowk",New Delhi,Delhi,10,
341,Nitesh Saraf,+91-7039802179,724051842709,"H.No. 153, Rout Ganj",New Delhi,Delhi,10,2
342,Baghyawati Mishra,+91-8222182982,699754869975,"H.No. 069, Swaminathan Circle",Bhopal,Madhya Pradesh,86,
343,Chatura Patel,+91-9165576952,398362877342,"14, Srinivasan",Hyderabad,Telangana,35,
344,Gunbir Bal,+91-7697907532,605651306822,"417, Morar Zila",Bhopal,Madhya Pradesh,85,0
345,Urishilla Suresh,+91-7799718923,907514342796,"H.No. 862
Raj Path",Mumbai,Maharashtra,184,
346,Rachit Sehgal,+91-9438601776,931825218965,"H.No. 77, Kara Road",Lucknow,Uttar Pradesh,76,
347,David Dora,+91-8741567887,571703329527,"H.No. 586, Karan",Hyderabad,Telangana,164,4
348,Lila Virk,+91-8721565695,205953647125,"79/37
Brar Road",Mumbai,Maharashtra,23,
349,Bakhshi Thakkar,+91-8389858576,374602279094,"H.No. 722, Hans Ganj",Kolkata,West Bengal,123,1
350,Brijesh Sampath,+91-8918714457,395295136297,"63/294, Bhavsar Path",Bhopal,Madhya Pradesh,61,3
351,Lipika Ranganathan,+91-9501649877,730169982027,"H.No. 87
Virk Nagar",Chennai,Tamil Nadu,78,
352,Isaiah Sachdeva,+91-8014911848,830411262281,"999, Cherian Zila",Bhopal,Madhya Pradesh,178,2
353,Bhavika Wason,+91-8741251076,652702477657,"46
Solanki Chowk",Lucknow,Uttar Pradesh,41,2
354,Orinder Majumdar,+91-8335640103,231813793503,"996
Randhawa Nagar",Jaipur,Rajasthan,181,
355,Wazir Bawa,+91-8578589030,343157964776,"H.No. 50
Mitter Path",Lucknow,Uttar Pradesh,76,
356,Avni Swamy,+91-7657926994,922292872033,"247, Luthra Path",Kolkata,West Bengal,123,1
357,Gaurav Guha,+91-8786043319,704310233911,"678
Bhalla Path",Hyderabad,Telangana,96,
358,Dominic Mukhopadhyay,+91-9308620882,833588982571,"890
Hans Street",Kolkata,West Bengal,194,
359,Dalbir Krish,+91-8062855922,931850734401,"05, Mahal Ganj",Chennai,Tamil Nadu,196,
360,Ucchal Tiwari,+91-9257033897,681739352909,"10/357
Sehgal",Chennai,Tamil Nadu,21,
361,Urvi Palla,+91-9423086220,164906442554,"414
Raju Nagar",New Delhi,Delhi,20,
362,Nicholas Kala,+91-7868256753,690870254515,"33/468, Andra Nagar",Bhopal,Madhya Pradesh,130,
363,Kevin Ghose,+91-8897690739,847823556587,"494, Sampath Road",Ahmedabad,Gujarat,134,2
364,Ikshita Sharaf,+91-7390591367,662206448862,"748
Ranganathan",Lucknow,Uttar Pradesh,126,4
365,Abhimanyu Vaidya,+91-8947476917,663207412387,"99/44
Subramaniam Zila",Chennai,Tamil Nadu,15,
366,Gayathri Malhotra,+91-7247977570,609206156608,"H.No. 44
Doctor Ganj",Bhopal,Madhya Pradesh,145,
367,Dakshesh Raval,+91-7093503397,380873461000,"20/744
Ravel Marg",Bhopal,Madhya Pradesh,79,
368,Balendra Gupta,+91-7935878994,179793239299,"38/758
Garde Road",Bhopal,Madhya Pradesh,191,
369,Chaaya Chatterjee,+91-7273846739,176855083008,"482
Chakraborty Path",Mumbai,Maharashtra,180,2
370,Isha Kapoor,+91-7136300252,547909643985,"55
Menon Road",Jaipur,Rajasthan,121,
371,Jacob Singhal,+91-9755328890,903065826504,"99/917, Tella Ganj",Bhopal,Madhya Pradesh,197,1
372,Lakshmi Wagle,+91-8608297407,591269009200,"02
Iyer Street",Bengaluru,Karnataka,108,
373,Nimrat Shankar,+91-8613385303,847668980598,"H.No. 21, Natarajan Chowk",Hyderabad,Telangana,97,
374,Dhriti Bhardwaj,+91-7571186857,230342679193,"43, Dutt Street",Bhopal,Madhya Pradesh,139,
375,Gaurang Dayal,+91-9271361431,899410868608,"66/676
Barad Nagar",Chennai,Tamil Nadu,101,4
376,Kashvi Atwal,+91-7097647459,430620099988,"30/03
Padmanabhan Ganj",New Delhi,Delhi,1,
377,Kai Chauhan,+91-9338374929,685937168273,"94/21
Misra Nagar",Ahmedabad,Gujarat,185,
378,Tamanna Venkatesh,+91-8063056115,479935492546,"25
Parmer Chowk",Ahmedabad,Gujarat,59,
379,Nitesh Raval,+91-7484664056,989196602563,"323, Thaman Nagar",Mumbai,Maharashtra,186,1
380,Jatin Peri,+91-7067198189,324371953252,"48, Bava",Hyderabad,Telangana,158,
381,Hritik Bahri,+91-8917449772,841301841479,"16/761, Krishnan Circle",Bengaluru,Karnataka,9,4
382,Michael Jha,+91-8051125170,150425239978,"H.No. 61, Madan Circle",Kolkata,West Bengal,13,
383,Omya Cheema,+91-9318250726,929861852263,"H.No. 11, Issac Chowk",Jaipur,Rajasthan,60,
384,Adya Virk,+91-7601877719,354645447539,"H.No. 64, Baral Street",Chennai,Tamil Nadu,15,
385,Sarthak Srivastava,+91-9474375067,732729873446,"001
Tak Zila",Chennai,Tamil Nadu,188,
386,Gautam Vaidya,+91-8377246195,431729976873,"14/374, Shetty Road",Bhopal,Madhya Pradesh,173,
387,Harish Ghosh,+91-9238756255,551920937437,"H.No. 55, D’Alia Marg",Kolkata,West Bengal,170,
388,Chakradev Andra,+91-9391086093,752613925183,"25/579, Chander Road",Chennai,Tamil Nadu,16,
389,Hema Goswami,+91-9688620050,571066644856,"67, Rajan Road",New Delhi,Delhi,45,
390,Oviya Ganesan,+91-8479250414,808418719388,"021, Subramanian Marg",Kolkata,West Bengal,13,
391,Pratyush Raghavan,+91-8368954072,558257155202,"02/77
Sabharwal Zila",New Delhi,Delhi,135,
392,Chakradhar Bhatnagar,+91-8616884203,929718442320,"50/899
Nigam Ganj",Hyderabad,Telangana,77,
393,Rachita Kothari,+91-7967847466,257657841886,"H.No. 62
Bhagat Circle",Jaipur,Rajasthan,62,
394,Naksh Tiwari,+91-9415429277,711674243693,"21
Nagi Chowk",Chennai,Tamil Nadu,15,
395,Ganga Mall,+91-8043069385,324433497350,"38/66, Brar Ganj",Hyderabad,Telangana,100,
396,Sachi Sem,+91-8931819683,507365336000,"75, Tank Zila",Chennai,Tamil Nadu,21,
397,Harshil Raval,+91-8153033730,840354299038,"H.No. 880
Modi Zila",Bhopal,Madhya Pradesh,14,1
398,Tanmayi Om,+91-7312606333,981276450865,"H.No. 375
Solanki Circle",Ahmedabad,Gujarat,11,
399,Sneha Comar,+91-9883858045,338623445822,"30/554, Vig Circle",Mumbai,Maharashtra,186,
400,Hitesh Bath,+91-8302182635,331994091775,"26, Kumar Zila",Bhopal,Madhya Pradesh,86,
401,Raghav Dara,+91-7503869216,627225835972,"735
Sachdeva Zila",Lucknow,Uttar Pradesh,190,
402,Jatin Seshadri,+91-9595884821,326360962451,"98/270
Bava Circle",Kolkata,West Bengal,179,
403,Vasudha Trivedi,+91-9371162526,951784850549,"92/216, Nagy",Jaipur,Rajasthan,62,
404,Omya Kothari,+91-9786236956,436550457148,"54
Deol Chowk",Lucknow,Uttar Pradesh,137,3
405,Nitara Vala,+91-9001472250,980891814797,"85/833
Mannan Ganj",Ahmedabad,Gujarat,128,4
406,Kevin Gokhale,+91-8375391482,327265319003,"15/879
Sahni",Jaipur,Rajasthan,121,
407,Pahal Arya,+91-7196346343,912699183945,"H.No. 620, Iyengar Nagar",Jaipur,Rajasthan,106,
408,Naveen Mangat,+91-9508397912,892761382374,"043
Bali Circle",Jaipur,Rajasthan,142,2
409,Sneha Chaudry,+91-7842637307,350524863789,"86/384, Raj Nagar",Hyderabad,Telangana,40,
410,Omaja Munshi,+91-9144483523,819624530104,"H.No. 439, Kar Chowk",New Delhi,Delhi,63,
411,Ronith Hari,+91-8105209993,807482294267,"21
Ghose Street",Bhopal,Madhya Pradesh,87,
412,Krishna Baria,+91-7722558006,975025593858,"H.No. 84
Dyal Street",Chennai,Tamil Nadu,118,
413,Abdul Narayanan,+91-9347398593,303960765549,"20/259
Mitra Nagar",New Delhi,Delhi,36,
414,Ishita Bora,+91-9756550636,168535810615,"32/81
Dutta Circle",Bhopal,Madhya Pradesh,139,
415,Netra Chanda,+91-9869963931,937726990452,"355
Memon Path",New Delhi,Delhi,20,
416,Vaishnavi Andra,+91-7993998848,877681000654,"57/399, Baral Ganj",Chennai,Tamil Nadu,162,1
417,Lakshmi Comar,+91-8958546579,166027394237,"H.No. 84
Varughese Nagar",Bhopal,Madhya Pradesh,130,1
418,Yoshita Trivedi,+91-9647930485,632201215051,"04
Nagi Ganj",Lucknow,Uttar Pradesh,171,
419,Gopal Ganesh,+91-7028399849,707876223942,"13/361, Yogi Ganj",Bhopal,Madhya Pradesh,5,
420,Ekbal Dube,+91-9273831457,403749504854,"50, Borah Zila",Bhopal,Madhya Pradesh,5,
421,Pranav Krishnamurthy,+91-7073626894,995510198977,"34/66, Ravel Chowk",Bengaluru,Karnataka,74,
422,Diya Badal,+91-7769945233,675939282671,"18/091
Bath",Mumbai,Maharashtra,111,
423,Ishita Thakkar,+91-9261111254,994437325440,"H.No. 49, Manda Zila",Jaipur,Rajasthan,159,1
424,Lakshmi Rana,+91-7339385087,604255048076,"28, Deshpande Ganj",Lucknow,Uttar Pradesh,102,
425,Chakrika Dhawan,+91-7970049535,852907658069,"50/882
Barman Zila",Kolkata,West Bengal,179,
426,Meera Yogi,+91-9807773530,936014930826,"H.No. 35, Sachar Ganj",Chennai,Tamil Nadu,21,
427,Naveen Gour,+91-8619930972,622064877426,"43/12, Bhagat",Lucknow,Uttar Pradesh,98,3
428,Elijah Mannan,+91-7736086849,645815980780,"H.No. 13, Sur",Mumbai,Maharashtra,180,0
429,Ishanvi Dave,+91-8422796478,349290861585,"H.No. 491, Nadkarni Ganj",New Delhi,Delhi,166,
430,Shravya Narasimhan,+91-8164344392,851938599284,"92/995
Sangha Path",Chennai,Tamil Nadu,122,4
431,Aayush Munshi,+91-9420256439,137186296056,"645, Narula Street",Mumbai,Maharashtra,140,
432,Turvi Sehgal,+91-7889737338,257140123551,"H.No. 78
Gill Zila",Bhopal,Madhya Pradesh,5,2
433,Avni Dey,+91-8710668371,185593866132,"H.No. 11, Tripathi Nagar",Kolkata,West Bengal,183,
434,Nidhi Kala,+91-9433940416,844700757105,"48/87, Pau Street",Jaipur,Rajasthan,62,4
435,Udant Mannan,+91-8648606935,914994136012,"88, Ranganathan Zila",Bhopal,Madhya Pradesh,85,
436,Yadavi Anne,+91-8485455239,207604806831,"28/27, Gola Street",Bhopal,Madhya Pradesh,129,0
437,Veda Parmer,+91-8462834697,944412769960,"731, Pingle Road",New Delhi,Delhi,20,
438,Brijesh Jhaveri,+91-8703826594,954565006570,"77
Baral Nagar",New Delhi,Delhi,153,
439,Harshil Verma,+91-8173930637,638806010341,"49/892
Radhakrishnan Marg",Lucknow,Uttar Pradesh,163,
440,Faras Varughese,+91-8854772804,848122047461,"38
Pandit Marg",Hyderabad,Telangana,97,4
441,Vidhi Subramaniam,+91-7368053428,781921266516,"27/23, Varkey Zila",Lucknow,Uttar Pradesh,98,
442,Siddharth Doctor,+91-7315708805,392410126704,"591, Sachdeva Ganj",Kolkata,West Bengal,183,1
443,Ishaan Subramaniam,+91-8673413661,496497113885,"39
Roy Street",Lucknow,Uttar Pradesh,190,1
444,Yagnesh Bassi,+91-8910126009,934769489293,"92/28, Din Nagar",Bhopal,Madhya Pradesh,79,0
445,Ojas Kuruvilla,+91-7804841598,591477314669,"69/90, Chada Road",Mumbai,Maharashtra,23,1
446,Saumya Sinha,+91-8752536389,126213443527,"369
Gopal Street",Hyderabad,Telangana,132,
447,Oliver Oommen,+91-9563771436,961562037738,"91/36
Deo Marg",Ahmedabad,Gujarat,24,4
448,Amol Jain,+91-7053002550,552225040924,"912
Barad Chowk",Bengaluru,Karnataka,99,
449,Girik Subramaniam,+91-9403191167,370489193682,"80/68, Prabhakar Marg",Hyderabad,Telangana,22,
450,Pushti Karnik,+91-9943409776,286318825329,"59
Chaudhari",Mumbai,Maharashtra,44,
451,Krish Kumar,+91-9117951204,169346262044,"149
Rege Circle",Jaipur,Rajasthan,69,2
452,Ranbir Ahluwalia,+91-8287426116,961073216850,"81/80, Jha Marg",Bengaluru,Karnataka,108,2
453,Nilima Pathak,+91-9684499242,754964484237,"694, Wason Road",Kolkata,West Bengal,64,2
454,Jasmit Majumdar,+91-7459442845,431294404895,"688
Gola Chowk",Chennai,Tamil Nadu,118,
455,Veda Kulkarni,+91-9663705160,982099910611,"56/21
Sekhon Ganj",Bhopal,Madhya Pradesh,86,3
456,Harish Kala,+91-8437681124,995202680143,"H.No. 89
Dyal Nagar",Hyderabad,Telangana,113,
457,Abdul Chand,+91-9552898167,427002164659,"96, Bhatt Zila",Jaipur,Rajasthan,167,
458,Tristan Prabhakar,+91-7862650571,445654714857,"06/69, Mangat Circle",Bhopal,Madhya Pradesh,178,
459,Parth Talwar,+91-8251760286,863365472754,"H.No. 384
Bandi Ganj",Mumbai,Maharashtra,82,3
460,Omkaar Banik,+91-8041204430,513716531159,"021
Ratta Road",Jaipur,Rajasthan,148,
461,Megha Ravi,+91-7489144474,722478488545,"01/18, Pall Road",Ahmedabad,Gujarat,94,3
462,Aradhana Kara,+91-9927933468,704592315249,"69, Lal Nagar",Bhopal,Madhya Pradesh,47,4
463,Niharika Toor,+91-7900432998,978056478079,"18/45, Varghese Zila",Kolkata,West Bengal,182,3
464,Zashil Savant,+91-9890416998,252468346350,"73/57
Bala Chowk",Bengaluru,Karnataka,105,0
465,Jackson Kuruvilla,+91-8085259583,270332660466,"33, Sachar Path",Jaipur,Rajasthan,62,
466,Zaitra Wason,+91-7317677825,626554116458,"43/416, Borra Path",Hyderabad,Telangana,97,
467,Vamakshi Murthy,+91-9175884729,863944259782,"942
Tara Ganj",Lucknow,Uttar Pradesh,137,
468,Wahab Khurana,+91-8544167403,691899308484,"333
Parekh",New Delhi,Delhi,10,
469,Hredhaan Dar,+91-7469738105,373885572142,"79/080, Prabhu Chowk",Hyderabad,Telangana,22,
470,Waida Maharaj,+91-7714418371,772793741349,"846
Dave Ganj",New Delhi,Delhi,91,
471,Pallavi Sridhar,+91-8424196985,976026083049,"56/27, Vasa Zila",Mumbai,Maharashtra,193,3
472,Diya Anand,+91-7423511939,341629441437,"36/915, Lad Path",Hyderabad,Telangana,3,
473,Adya Khalsa,+91-9396563469,858407551188,"95
Gour Path",Chennai,Tamil Nadu,133,
474,Panini Kade,+91-8606831312,608486049382,"55/647
Deep Street",Chennai,Tamil Nadu,115,
475,Harish Madan,+91-9965405644,265358241424,"66/32, Solanki Street",Kolkata,West Bengal,151,
476,Patrick Sama,+91-9073486033,422571583281,"885
Mital Chowk",Lucknow,Uttar Pradesh,7,
477,Champak Rao,+91-7498513988,257754796139,"20/347, Sengupta Zila",Hyderabad,Telangana,22,
478,Abha Patel,+91-8955638763,326706713386,"84/50
Dara Marg",Chennai,Tamil Nadu,88,
479,Rushil Yohannan,+91-9045102506,581455624889,"H.No. 55, Sura Circle",Lucknow,Uttar Pradesh,90,
480,Farhan Raj,+91-8369705770,426706026108,"22
Sama Path",Bengaluru,Karnataka,116,
481,Ekbal Buch,+91-8473508573,218747126613,"H.No. 35, Manne Path",Hyderabad,Telangana,6,0
482,Megha Madan,+91-8047598131,291194737973,"H.No. 98
Sachdev Chowk",Hyderabad,Telangana,43,
483,Qarin Bajaj,+91-9404532947,355387577956,"34/132, Chauhan Marg",Bhopal,Madhya Pradesh,85,
484,Devansh Solanki,+91-7792214339,800880194987,"H.No. 681, Lala Zila",Chennai,Tamil Nadu,162,
485,Frado Ramakrishnan,+91-7125379850,777476924384,"347
Deep Street",Lucknow,Uttar Pradesh,102,
486,Ayush Banerjee,+91-9543493201,527046677715,"H.No. 77
Magar Circle",Bengaluru,Karnataka,116,
487,Krishna Zacharia,+91-8195481928,876325326672,"97/96, Walla Circle",Chennai,Tamil Nadu,53,1
488,Idika Subramaniam,+91-9479690385,976610350084,"H.No. 745, Lad Marg",Chennai,Tamil Nadu,17,
489,Chavvi Anne,+91-8571069113,316148459341,"25/47, Anand Circle",Jaipur,Rajasthan,48,
490,Vansha Mistry,+91-9880640679,640575907758,"49, Amble Ganj",Jaipur,Rajasthan,68,
491,Ranbir Sabharwal,+91-8346060408,527765732491,"32
Radhakrishnan Marg",Hyderabad,Telangana,164,
492,Adya Buch,+91-7490623034,488041381596,"38/944
Luthra Circle",Kolkata,West Bengal,151,
493,Raghav Biswas,+91-7741000011,842229354111,"417, Sethi",Jaipur,Rajasthan,159,
494,Vyanjana Guha,+91-9639190897,192729067059,"H.No. 208
Grewal Nagar",Hyderabad,Telangana,77,
495,Baghyawati Luthra,+91-7506211965,436032111165,"70/312, Tak Nagar",Hyderabad,Telangana,81,
496,Hema Salvi,+91-7607130330,527395738401,"57
Narayanan Nagar",Bhopal,Madhya Pradesh,178,2
497,Madhav Bhalla,+91-9468773157,565504489724,"18
Golla Chowk",New Delhi,Delhi,36,
498,Zashil Raj,+91-9771370988,710629393832,"H.No. 367, Bandi Ganj",Bhopal,Madhya Pradesh,178,4
499,Triveni Chandra,+91-7803582272,780541867199,"64, Dutt Path",New Delhi,Delhi,36,2
500,Jason Kulkarni,+91-9081379485,311039809640,"43/503
Keer Zila",Hyderabad,Telangana,3,2
