txn_id,sender_id,receiver_id,amount_inr,txn_time,mode,bank_ref
1,116,88,362081.55,2026-06-29T11:29:26,IMPS,XDHE2342321611076
2,418,463,2570.19,2026-06-30T19:32:51,UPI,GDBZ8907140140119
3,133,453,55490.72,2026-07-16T15:05:44,IMPS,SGFV5012495528938
4,39,136,306414.04,2026-08-21T01:13:14,CASH,CDSY0833428013875
5,139,358,68967.89,2026-08-22T21:49:56,CASH,FOVD2566383615171
6,62,65,74085.94,2026-08-16T03:31:44,CARD,EPYL4801571647947
7,455,436,206705.63,2026-07-18T14:47:57,CASH,RNJN3175207167811
8,343,63,120337.67,2026-07-10T14:32:48,CASH,MMWS1215353961367
9,339,251,161023.49,2026-07-23T17:28:15,CASH,YWYS9465796784271
10,116,48,148187.47,2026-07-08T13:11:58,UPI,IPPH2010170269524
11,181,286,323602.42,2026-07-06T00:56:59,NEFT,YCVY8773477848588
12,356,274,30227.44,2026-06-28T09:39:03,UPI,YBND6756770028427
13,344,111,192591.61,2026-08-07T12:02:09,CASH,EJWM7197889778280
14,54,175,295302.5,2026-08-03T16:28:07,CARD,IPSM9545009025590
15,264,440,472196.24,2026-07-29T19:39:41,CASH,MDNL5650333491141
16,336,79,52919.67,2026-07-29T11:07:39,NEFT,FARK0769864079056
17,113,470,487534.84,2026-08-21T01:29:46,CARD,MKSD7135785294563
18,263,104,94057.94,2026-08-13T22:27:27,IMPS,UZCR3440496391919
19,217,85,475752.15,2026-07-29T09:21:56,CARD,ICSZ8763514846853
20,332,53,438110.5,2026-08-05T21:53:53,UPI,MITQ7820829737489
21,124,9,93596.18,2026-08-07T19:07:38,UPI,SXUB8357232466513
22,244,339,176043.22,2026-08-05T17:31:37,UPI,IJUF4936312303477
23,475,282,215793.67,2026-08-20T00:57:46,NEFT,NNUB3242044820700
24,204,258,166936.38,2026-07-04T20:02:46,CASH,KTJC6516231981898
25,140,190,324346.01,2026-07-21T03:13:53,CASH,PCHT1559636321234
26,100,151,88404.89,2026-08-08T08:31:40,IMPS,NISB7851586734257
27,272,312,216839.31,2026-08-01T09:22:14,UPI,JAUT0034864518376
28,331,128,109867.92,2026-06-27T10:48:19,UPI,MIJC3432756041776
29,459,19,119459.69,2026-07-28T23:46:30,CARD,WNDF4815698570027
30,52,142,310148.35,2026-07-09T21:35:38,CASH,AMGU4591123829657
31,201,202,366988.79,2026-08-12T03:08:54,IMPS,XEIF9543165266930
32,254,106,101867.38,2026-06-28T22:00:01,IMPS,RUTU3173420696942
33,362,306,1653.12,2026-07-05T08:00:14,NEFT,LFSD0867713334476
34,258,465,238431.49,2026-07-09T07:51:45,IMPS,NGTG4362620443973
35,437,465,85199.26,2026-08-01T13:47:40,UPI,SVUO1072563669411
36,86,96,227662.64,2026-08-19T18:22:48,UPI,BBKH7599004896465
37,342,243,10511.34,2026-07-09T12:36:48,IMPS,RBSF4287572158624
38,452,40,380154.35,2026-07-08T00:44:16,UPI,KBEP4564494856257
39,305,181,291621.11,2026-07-11T08:56:54,CASH,RVUZ7032032074276
40,448,127,22683.74,2026-07-07T22:49:54,UPI,PBOL8777121513422
41,291,349,417695.98,2026-08-15T01:55:15,CARD,ISVS3908926137150
42,258,86,387650.75,2026-07-24T06:53:57,UPI,VVDM5915201777490
43,156,412,226362.91,2026-07-28T16:05:47,IMPS,BUTO5923045018961
44,280,132,126843.07,2026-08-04T09:53:01,CASH,IFHY6103266421476
45,7,424,355107.56,2026-07-26T19:03:52,CARD,VTEL1583776749961
46,397,340,451093.2,2026-08-06T17:03:25,CARD,ZLTF6610857327881
47,248,58,259702.52,2026-07-24T21:51:47,UPI,ONCZ7422438649081
48,76,211,329717.52,2026-07-01T01:33:17,NEFT,QDQN6179454918017
49,183,255,288834.34,2026-07-14T02:51:46,CASH,ZFMB1645977945232
50,185,106,97001.67,2026-07-04T06:44:35,CASH,XTIV1680061027769
51,328,56,438584.3,2026-08-12T22:37:18,CARD,JTTL6412203103037
52,461,468,479157.23,2026-07-10T18:42:35,CARD,UHNU8314727601227
53,90,136,174487.64,2026-08-12T18:43:01,IMPS,PAOS3349605016679
54,201,302,496972.46,2026-08-23T12:52:58,IMPS,XRJB7678997308069
55,98,22,350947.63,2026-07-27T08:27:37,CARD,RCIU6717957602437
56,63,222,283374.55,2026-07-30T01:41:54,IMPS,OHQH9597246657293
57,148,57,249513.62,2026-07-24T02:38:56,NEFT,WXCV7223297167433
58,239,349,483339.07,2026-08-19T17:59:06,CARD,BALI5228015619318
59,286,341,243463.72,2026-07-18T10:39:24,UPI,PIKZ5084289107711
60,410,151,20572.45,2026-08-24T23:12:47,IMPS,TZDR0812135247871
61,423,304,244234.38,2026-07-11T16:00:40,UPI,ULKE1376037548214
62,221,181,420.79,2026-08-01T20:18:56,IMPS,WYNL3286326667850
63,71,180,392653.12,2026-08-08T15:45:33,CARD,EYAW8115562606029
64,341,491,77603.0,2026-07-02T07:10:57,UPI,UWZV8466845504892
65,366,139,366553.26,2026-08-04T21:43:12,CASH,OUGR9975634108562
66,300,111,16165.13,2026-08-16T05:15:30,IMPS,RJGC8848520089434
67,128,416,193181.79,2026-08-06T17:32:43,CASH,QDXB5485101749075
68,496,265,460105.05,2026-07-19T14:37:21,CARD,ZXSS8935449268315
69,160,89,339493.71,2026-08-15T19:53:45,IMPS,SGYL7126611062737
70,412,297,383853.41,2026-07-04T06:23:55,IMPS,LVQM9886497677622
71,70,214,150601.03,2026-08-14T19:02:33,UPI,EPWO2881377028519
72,153,291,230631.08,2026-08-05T08:37:45,NEFT,DDLS4082154544702
73,193,401,218502.72,2026-07-10T11:41:09,NEFT,ZSNB4432701851067
74,270,227,251957.21,2026-08-21T07:48:02,IMPS,JSOK6792287772519
75,240,182,210310.78,2026-08-05T10:58:45,CASH,MHMK8074120948181
76,237,15,13308.42,2026-07-15T08:51:46,CASH,TRSY0983780182043
77,46,387,453433.71,2026-07-20T12:02:07,NEFT,WSOC8956907056260
78,298,263,310482.78,2026-08-16T22:34:34,CARD,KMIC1182422412462
79,450,151,422569.16,2026-07-02T09:45:18,NEFT,TKFA0461526546103
80,207,344,403759.77,2026-07-19T22:50:17,CARD,YTSH7886140578617
81,236,430,27440.91,2026-06-29T11:49:58,UPI,NUHA4891382496718
82,171,136,282765.16,2026-07-16T10:33:54,IMPS,ZELR2386870079420
83,443,32,292350.28,2026-07-02T12:41:38,CARD,PITI6539840289141
84,379,125,258180.39,2026-08-04T01:36:11,CARD,WDEX8463985547435
85,380,496,111849.44,2026-07-29T20:31:52,NEFT,GOTK0209700268768
86,155,322,494580.4,2026-07-04T13:33:59,UPI,ZUUC8071569562017
87,413,249,100429.87,2026-08-01T15:45:30,UPI,GOAH0453194337504
88,1,79,60605.11,2026-08-13T12:52:17,UPI,WWTG0361498728399
89,127,105,12425.73,2026-08-20T13:20:53,CARD,FCSE1249384308948
90,228,63,150031.89,2026-08-09T18:12:02,CASH,ANUV0566418775803
91,95,420,423879.37,2026-07-01T05:54:42,IMPS,INRO5063519036133
92,421,314,429671.01,2026-07-12T15:44:45,CARD,KJCU1076095431735
93,64,222,10926.77,2026-07-01T23:18:49,NEFT,KQZH1997179110065
94,420,382,85470.67,2026-07-03T00:00:10,CARD,ZEBZ7049611080466
95,103,244,144795.57,2026-07-05T23:46:36,UPI,TYNH9907676991507
96,492,302,333883.06,2026-08-15T21:40:10,CASH,KSGD1091939284567
97,198,358,232035.45,2026-08-08T20:31:33,CASH,FHEZ0024968549822
98,76,15,60151.24,2026-08-11T06:32:44,CASH,JTKJ5089203880653
99,6,298,322589.98,2026-07-16T03:22:35,CARD,UGZC5377959959465
100,228,22,177427.96,2026-07-12T10:36:57,NEFT,DOZB7303379337563
101,240,452,138524.33,2026-08-04T13:16:19,NEFT,FALA1508124739500
102,184,257,251652.49,2026-07-16T00:27:57,IMPS,GJFH4258323024102
103,463,362,256571.27,2026-08-02T11:25:48,NEFT,UZDK3473552896112
104,336,78,359632.63,2026-07-09T09:14:59,IMPS,ZGGR6559630993842
105,236,367,70105.64,2026-07-28T12:01:38,IMPS,HBUZ4289731791286
106,473,202,419678.81,2026-08-15T02:54:05,CASH,LPQO2558777496903
107,193,493,329520.01,2026-07-18T00:00:33,CARD,GOHM3466925481214
108,363,475,329486.66,2026-08-08T20:14:54,IMPS,QLHS0789567766575
109,67,358,477601.78,2026-07-23T04:39:27,IMPS,MAFO3415148881431
110,300,317,33878.23,2026-07-08T04:48:21,UPI,CLBR3535444392840
111,437,376,48360.57,2026-07-25T18:18:05,UPI,JLZM6907826333738
112,256,479,161897.32,2026-08-22T16:17:37,NEFT,ZRYO7515366377805
113,396,414,397822.91,2026-07-10T04:15:12,UPI,SEJX0755366684590
114,461,451,446247.18,2026-08-20T19:01:38,CASH,ZBEE5999966361863
115,473,33,125316.88,2026-08-11T18:47:17,UPI,DKSO4121820970231
116,434,405,187223.62,2026-08-03T03:40:28,UPI,JGHJ8170580256621
117,473,90,349392.99,2026-07-09T05:23:19,CASH,RNPX1632346729949
118,69,327,99947.24,2026-07-16T09:26:13,IMPS,QWVO4302716938597
119,252,225,112825.72,2026-08-10T08:49:49,NEFT,OSBX1475469263296
120,223,417,395023.11,2026-08-10T03:17:34,UPI,MVFW9160324841376
121,299,13,334362.26,2026-08-19T08:38:56,NEFT,DLCY1856724380701
122,18,415,2717.62,2026-08-10T12:47:25,CASH,MKXM3600412577711
123,291,280,170421.58,2026-08-18T22:24:26,CARD,VHWO2742209124186
124,255,98,285228.0,2026-07-13T01:00:03,CASH,CVYA4275230837081
125,257,181,449887.9,2026-08-03T14:40:58,NEFT,WJOB9006335331060
126,411,35,312772.8,2026-06-28T02:24:11,UPI,KGVV1312206815583
127,292,41,258671.71,2026-07-16T19:05:56,UPI,RMND3315520650637
128,61,256,300784.64,2026-07-18T01:20:14,IMPS,CVIU9501364971892
129,12,115,145019.25,2026-07-21T03:32:21,IMPS,DTKU6252571509976
130,200,361,436234.02,2026-08-15T07:15:11,NEFT,UXHQ9030914363910
131,496,254,426612.29,2026-07-10T01:00:13,CARD,LPJG2630397524508
132,257,160,28418.43,2026-08-05T23:14:52,UPI,UJYA3553380339685
133,299,242,492468.47,2026-07-14T12:10:05,UPI,OUAC7130232129833
134,17,174,100335.58,2026-08-14T22:51:39,UPI,CNXO4233629344973
135,72,105,366962.95,2026-07-23T01:57:27,UPI,ZPCL6627768962706
136,121,253,474004.0,2026-08-07T04:23:02,CARD,CYJT8282467474689
137,360,428,17777.5,2026-08-12T08:55:28,UPI,CKEW7323008576665
138,487,214,306255.08,2026-08-02T23:20:53,UPI,PJUS1601692364587
139,455,283,64819.34,2026-08-01T10:23:56,UPI,WBUM6337050249724
140,54,19,112700.0,2026-07-20T16:59:39,IMPS,TSVF0116691836264
141,221,245,424931.77,2026-07-26T00:41:55,NEFT,QRVM9461195243640
142,11,477,386829.26,2026-07-13T00:52:24,NEFT,PADC6864622522372
143,274,312,341002.41,2026-08-14T11:39:03,UPI,DOSG2302346791214
144,283,247,382864.19,2026-07-05T00:11:16,NEFT,MDIC5093771004090
145,221,360,68971.44,2026-07-06T02:08:02,CASH,GQZA6984775965555
146,61,460,451785.29,2026-07-19T22:46:39,IMPS,LVMM9055107620918
147,100,176,29055.46,2026-07-23T19:40:57,NEFT,WYHL7978630505057
148,48,302,206591.44,2026-07-19T08:42:25,CARD,TPMX9156716493289
149,291,24,7547.79,2026-08-14T16:21:52,NEFT,BEPZ1487271783332
150,417,118,219334.09,2026-07-05T08:52:02,IMPS,DNWA2564347128715
151,23,161,327638.96,2026-07-18T09:58:56,NEFT,SYTC5668633414111
152,150,67,239402.81,2026-07-29T17:17:15,UPI,XSGX1952569040983
153,337,40,469191.23,2026-08-03T08:55:14,NEFT,NKYL2899316087524
154,254,362,178543.46,2026-07-17T22:33:35,NEFT,PVOE9420954814973
155,228,366,183530.12,2026-08-13T17:58:09,CARD,JWMB5233027642086
156,150,445,263469.41,2026-07-29T10:41:55,IMPS,NVPL6618443861259
157,164,358,52278.65,2026-07-01T22:35:33,IMPS,WJOU2927742333059
158,462,211,310973.7,2026-07-06T14:01:54,IMPS,VZEM6201572018596
159,41,105,420728.53,2026-07-11T02:39:55,CARD,UXMH0136749261764
160,119,157,105463.74,2026-08-08T21:40:36,IMPS,LADD1178309997419
161,372,418,18030.25,2026-07-14T06:27:42,NEFT,MPUW6492151826068
162,358,226,226936.12,2026-08-17T18:25:04,UPI,ZZQP1898131292087
163,11,256,135222.26,2026-07-27T04:50:20,CARD,DBES3218401184582
164,197,154,42338.2,2026-08-06T18:15:25,IMPS,VAHJ0848729758598
165,438,313,9522.35,2026-08-15T06:14:16,CASH,GWDV0303243298395
166,197,228,102944.49,2026-07-23T14:51:17,NEFT,EXTN1844626714628
167,338,221,330235.19,2026-07-16T11:16:41,UPI,CUXI3598926256609
168,278,391,13093.45,2026-07-20T17:11:15,CARD,CIDR1861515542340
169,387,458,414095.97,2026-07-06T04:42:31,IMPS,MHMD1284971859484
170,415,386,378650.38,2026-08-24T15:58:36,IMPS,DBFK6258896792408
171,372,425,432884.57,2026-07-11T18:47:49,UPI,VEEM9405396727578
172,414,56,476241.55,2026-07-24T12:48:51,IMPS,INQW3414651113129
173,440,481,211975.13,2026-07-02T06:15:16,CARD,CXJR7068277881609
174,394,266,480156.47,2026-07-15T03:38:13,CASH,XAWN8538909728321
175,382,474,453865.53,2026-08-01T07:46:00,IMPS,EQLB6762515381447
176,410,350,42859.88,2026-07-25T04:29:08,NEFT,IGAX9634807970509
177,395,278,285584.21,2026-08-10T09:10:42,UPI,KJLD0526501673188
178,316,141,329649.05,2026-07-11T14:38:52,CARD,NDPA2437654562841
179,7,64,330422.16,2026-08-08T06:25:23,IMPS,VOFE5605313402665
180,434,92,8731.62,2026-06-29T18:07:28,UPI,FVGP4167872568621
181,239,19,240155.93,2026-07-07T03:51:13,CARD,ZAEE5803056906744
182,112,210,469423.25,2026-08-12T20:46:23,IMPS,CYNH9282341436371
183,460,313,476651.31,2026-08-14T10:59:56,CASH,TFGS2312604326093
184,93,133,138144.56,2026-07-05T12:22:15,CASH,BMNQ4335670860414
185,66,117,73536.2,2026-07-31T23:40:11,CARD,ILWN3502000534749
186,336,26,327334.95,2026-07-06T11:16:04,NEFT,NFIP5541108255598
187,351,260,289987.37,2026-08-24T09:33:41,UPI,LHUI3961129109337
188,284,368,475856.73,2026-07-06T06:19:04,IMPS,CRTK4738202368485
189,500,353,270266.63,2026-08-01T05:20:45,UPI,OUWD6176880294240
190,308,121,38831.82,2026-08-20T15:45:32,CASH,BZWG6788127868669
191,58,93,162961.94,2026-07-23T01:06:12,IMPS,GFAF9390878844344
192,425,422,35789.45,2026-08-19T07:04:51,CASH,DFHB8340242403381
193,449,145,163337.62,2026-06-26T19:44:17,IMPS,ULUT5518426945005
194,172,500,326023.91,2026-07-17T23:26:04,CASH,XIFI0891649837354
195,483,499,15675.59,2026-07-16T11:38:27,IMPS,SUZY6273652717272
196,23,149,455945.14,2026-07-13T18:50:36,UPI,GSPX2404226931216
197,55,312,156621.57,2026-07-20T11:57:32,CARD,OUMD8209166010023
198,402,298,469975.92,2026-07-04T19:16:04,CASH,IEUT0018513279724
199,426,299,363157.25,2026-07-28T21:31:27,CASH,PEHB8481001841862
200,391,333,38747.99,2026-06-26T19:17:47,NEFT,HAHN6254361721314
201,290,258,315199.16,2026-07-31T09:03:49,CASH,CTKD5109226859262
202,276,376,439251.95,2026-07-25T23:10:14,UPI,TJLD4754102252677
203,311,242,260215.97,2026-07-03T05:19:41,IMPS,DSNX4215226557676
204,138,100,146603.35,2026-08-24T02:38:21,NEFT,ZUKE3668788788361
205,169,125,488739.63,2026-08-22T02:13:12,NEFT,WNQS3135030587210
206,234,162,57796.92,2026-07-30T14:30:53,NEFT,LYEJ7286333021260
207,228,376,205021.91,2026-08-06T22:07:09,UPI,LBWD9179202521310
208,181,287,457326.29,2026-08-20T22:46:08,CASH,NEYF7284765704120
209,310,118,209483.23,2026-06-29T19:19:08,CARD,TYFQ2066784984362
210,424,65,122547.47,2026-07-23T01:52:49,CASH,CQME3690362891775
211,346,300,302812.28,2026-08-05T00:25:38,IMPS,MFBZ5634111595034
212,175,161,204310.54,2026-07-12T11:44:07,CARD,RDCG9043830341990
213,76,295,440732.48,2026-08-20T10:05:02,NEFT,ZPBB5140546835652
214,461,93,7854.57,2026-07-06T03:23:15,UPI,KNXQ1820967904227
215,215,135,355719.8,2026-07-04T07:59:00,CASH,UCWH3228898572545
216,381,52,17134.43,2026-08-07T12:32:57,CASH,BWYV6339912971024
217,13,354,36600.05,2026-08-18T19:23:43,CARD,ZZCP1752421495511
218,444,272,452139.77,2026-07-14T02:00:37,IMPS,WYOI7472197054669
219,66,206,120793.31,2026-07-09T05:01:52,IMPS,OLQT5516874090380
220,61,173,449187.11,2026-07-11T16:37:55,CARD,DJMF9613671577871
221,312,316,361117.57,2026-07-05T00:27:25,UPI,FXDM6365155973714
222,379,472,224502.78,2026-08-09T19:43:16,CASH,BREP2359096056730
223,323,231,217901.5,2026-07-17T05:17:24,CASH,AYVN4421214614768
224,359,69,361881.36,2026-07-17T11:22:36,CARD,VIFB1654235677826
225,470,420,41986.37,2026-07-31T02:58:09,UPI,WSMA8931992550272
226,304,190,226818.22,2026-08-14T04:16:07,IMPS,KDZV6480727910336
227,225,91,294081.63,2026-08-18T16:56:57,UPI,YFTM3533905504481
228,119,153,24239.14,2026-08-14T03:32:05,CARD,UONN5586851276528
229,460,269,422048.31,2026-08-23T10:40:28,CASH,FRNM4649111109617
230,147,166,378674.38,2026-08-18T13:47:51,NEFT,DUOQ9046337861371
231,22,417,441203.84,2026-07-30T17:27:54,NEFT,ZONU6053844446306
232,221,266,439803.91,2026-06-29T20:36:48,IMPS,AAEZ5895529638639
233,51,178,59363.68,2026-08-03T20:58:22,IMPS,BZSN2626582631281
234,250,225,84743.45,2026-08-21T16:49:45,IMPS,ZMYU4825311060920
235,311,386,115914.13,2026-08-18T11:19:29,IMPS,CSMA2752334383640
236,73,50,419411.12,2026-07-23T09:11:26,NEFT,CEUA9117911244211
237,15,307,479932.37,2026-08-13T16:09:01,CARD,LGMD7061713665722
238,276,410,244234.11,2026-07-25T16:37:32,UPI,AFVS9015579980284
239,190,105,473945.1,2026-07-08T11:48:35,CASH,GTAR0882351305231
240,375,228,415535.8,2026-07-08T23:25:46,IMPS,IIPG1584776863423
241,471,57,459599.92,2026-07-23T23:26:47,UPI,MDSZ9423767694591
242,228,456,131601.96,2026-08-24T15:34:39,NEFT,MNGS5517208496498
243,143,375,484222.94,2026-07-30T21:17:09,UPI,MADF5625313552510
244,382,407,37267.73,2026-07-27T14:50:33,NEFT,WAWK3795381649383
245,260,172,315348.91,2026-07-06T16:17:51,CARD,RIWT1966553307704
246,345,398,343999.99,2026-08-06T14:01:48,UPI,DDOF9596390409074
247,222,52,397119.28,2026-07-09T09:51:48,IMPS,MBRQ0501716445561
248,98,431,418833.76,2026-08-19T17:05:56,UPI,YKPT0647715910300
249,486,325,123032.27,2026-07-10T03:45:02,CARD,DKWX6321358004010
250,193,447,336706.48,2026-07-26T05:31:24,IMPS,CIKW9642297125296
251,241,78,93633.72,2026-08-09T01:32:54,CASH,VDQQ3977457314415
252,145,68,437944.39,2026-08-19T21:54:39,CARD,HVUX3117030376371
253,439,371,1698.54,2026-07-29T17:46:56,UPI,GSYQ8547281235679
254,252,286,355024.26,2026-08-15T12:56:02,UPI,GYMG1462491271130
255,215,353,190207.09,2026-08-10T10:19:37,CARD,FIAP8754181563268
256,121,327,265277.52,2026-08-07T12:25:32,NEFT,QKBO4510663436294
257,450,154,437532.03,2026-08-17T02:26:48,CASH,TPQN1031310094318
258,251,408,298961.27,2026-07-06T11:53:51,CARD,IHTW6661347323549
259,247,152,56272.47,2026-07-24T15:30:53,IMPS,XADF8974325122572
260,215,497,123773.39,2026-06-27T22:09:01,CASH,VPNK0241209579073
261,60,91,159521.09,2026-08-11T13:38:23,UPI,DBAS4388221145775
262,178,357,64116.13,2026-08-18T16:05:03,CASH,IVPI5705458971480
263,431,413,300569.29,2026-07-11T01:06:32,NEFT,NHVE5703965313614
264,15,149,107631.58,2026-08-18T14:13:24,CASH,OQFI5569644309859
265,32,288,130876.47,2026-07-08T14:59:47,IMPS,NZOS5410727284982
266,211,201,212657.12,2026-07-26T04:01:17,IMPS,PJCZ4070349107406
267,468,28,364120.61,2026-07-30T21:17:27,IMPS,VABI2548821423691
268,326,420,223873.41,2026-07-24T22:05:38,NEFT,HBPL3666144942965
269,294,449,103179.79,2026-08-21T19:42:13,UPI,EVYG4268344149782
270,486,496,164909.12,2026-08-02T04:32:24,CARD,ZNDE8758575676670
271,277,11,10656.73,2026-08-19T22:49:43,CASH,AYNC2943985298940
272,47,400,456123.06,2026-08-03T19:26:19,CARD,EMVA7870104159149
273,33,336,105310.65,2026-08-12T10:22:39,CARD,WKBD9803828723244
274,102,81,197823.59,2026-06-27T07:30:27,NEFT,ZPTW3110291813317
275,149,411,187002.59,2026-06-29T01:55:46,CASH,QOMB1467238497916
276,111,284,470012.9,2026-07-10T21:15:17,UPI,UAFE3288377441975
277,433,11,263325.04,2026-07-23T09:41:42,CARD,MMWZ1766204719609
278,204,406,78557.06,2026-07-26T01:57:42,IMPS,BUUV9705277402588
279,13,118,16985.63,2026-07-17T03:37:45,UPI,LWQM8122595724461
280,417,402,200435.39,2026-08-12T15:40:58,IMPS,MPTV2988425995996
281,442,275,361084.22,2026-07-03T05:55:32,CASH,BAXF3117753312661
282,11,8,270894.81,2026-07-02T16:46:32,NEFT,TIDB1759025176298
283,49,377,195622.84,2026-07-16T01:53:27,CARD,GIPO4332683190130
284,440,160,371767.33,2026-07-10T08:00:38,IMPS,ALYN9815287339785
285,141,235,132208.55,2026-07-31T07:08:48,CARD,TREZ1766191284117
286,242,193,46621.89,2026-07-19T01:45:04,CASH,BTRK0344651241893
287,288,143,453842.11,2026-08-15T22:56:37,CARD,TQJM9081974005643
288,260,126,496577.66,2026-07-29T04:00:49,CASH,YBEG8503719905169
289,488,191,357317.91,2026-08-25T03:32:51,CASH,CRPE4010783567430
290,115,296,116134.56,2026-07-02T01:27:58,IMPS,AYZZ3896087066266
291,245,289,155373.85,2026-08-19T01:00:30,NEFT,EDOD9553560331903
292,415,323,47784.98,2026-08-05T18:59:18,NEFT,XYZZ8900301027240
293,107,443,296745.43,2026-07-27T04:26:32,UPI,LTUH4296711148375
294,73,207,236809.98,2026-07-18T01:46:57,CARD,OWJL8438458810569
295,390,120,246759.53,2026-08-12T21:25:19,CASH,ICGE8348315203771
296,160,380,75390.93,2026-06-28T18:05:04,IMPS,PBII9641049670667
297,353,290,435726.82,2026-06-30T23:58:18,IMPS,HGMF6804085095493
298,354,108,397368.43,2026-06-29T08:11:41,CARD,KXTN6018648769984
299,256,161,117946.09,2026-07-12T11:14:32,CASH,MOXH2044138459609
300,363,248,429340.59,2026-07-23T07:34:16,UPI,LIVI9014954277070
301,472,54,38844.47,2026-08-10T23:21:32,NEFT,BLPU8360914985172
302,388,7,374099.57,2026-07-21T17:40:33,NEFT,YZII7232290310287
303,102,225,56920.93,2026-08-21T23:43:09,CASH,KBRW3044058093511
304,254,88,262342.09,2026-08-14T21:43:37,NEFT,ODQC3359561642059
305,384,448,199762.89,2026-07-31T16:00:19,IMPS,KNUL7490250429019
306,61,223,359999.5,2026-07-17T05:15:33,IMPS,ZKQW8953690261139
307,268,166,185878.74,2026-08-14T13:42:23,NEFT,SURX6818097887543
308,73,149,102310.47,2026-08-21T12:53:28,CARD,JHKH5375137651588
309,488,366,302298.44,2026-07-04T02:36:10,CASH,LUPT3763928369294
310,237,108,463547.09,2026-07-24T12:58:01,NEFT,KKDC6682973270216
311,85,269,236987.82,2026-07-22T06:11:13,IMPS,YRWP1206021288665
312,214,92,33617.3,2026-07-09T01:27:47,UPI,MWRH4155999101576
313,160,360,347053.18,2026-08-09T08:28:41,CARD,XNJY7229812099576
314,235,170,312523.88,2026-07-27T19:08:53,CARD,OFQX9413475098898
315,81,35,279622.13,2026-08-07T02:44:05,NEFT,JKMK2203684995154
316,177,322,96401.07,2026-07-12T18:20:04,IMPS,DJIP7324491342138
317,421,467,292275.75,2026-08-15T01:49:43,IMPS,YFAT0883070534967
318,189,320,467160.53,2026-08-16T06:14:48,CARD,EOJD1767412415131
319,278,329,38830.32,2026-07-28T10:42:39,NEFT,FQKI7815061853800
320,53,375,89244.8,2026-07-20T13:29:47,CARD,ESMH3472727423183
321,53,65,293699.8,2026-06-26T23:55:38,CASH,NCPR9320649693578
322,170,295,296125.77,2026-07-14T04:03:23,IMPS,JHJV7769587413146
323,495,414,307982.01,2026-08-09T02:27:52,CASH,KHVN1275156277963
324,108,87,115992.34,2026-06-29T11:57:49,NEFT,JIQG6085456676640
325,47,476,73331.18,2026-07-22T17:42:02,NEFT,PXHK0476392831995
326,244,448,38985.94,2026-07-09T05:34:10,UPI,TRAX0615581083583
327,71,262,212760.33,2026-07-11T22:17:45,CASH,RMWH4255638300081
328,168,155,58736.52,2026-08-14T09:03:15,CARD,MZPB2440330416624
329,202,194,353151.67,2026-07-04T22:20:46,IMPS,CCQX6008921963945
330,160,430,441654.48,2026-08-06T23:09:13,NEFT,QXAJ4731497646136
331,490,86,416819.11,2026-08-20T03:41:31,NEFT,IPJW8836076581739
332,431,224,245097.74,2026-06-29T02:28:42,IMPS,MYHO5791452118237
333,351,62,217763.15,2026-08-23T07:13:13,IMPS,HCEM9789307464520
334,92,13,427700.62,2026-07-27T21:29:33,IMPS,WSTN0438787535778
335,373,218,279941.03,2026-08-19T13:16:14,NEFT,XXCD6162028123710
336,196,192,373839.48,2026-08-06T20:53:32,UPI,PFUZ8728660416448
337,101,227,97524.81,2026-07-27T23:41:24,CARD,TLSU2248395894773
338,159,169,184496.83,2026-07-28T17:50:40,IMPS,XXEF8705622710433
339,258,472,136586.61,2026-07-05T19:09:26,IMPS,ROKD0979215835034
340,329,246,497869.35,2026-07-24T06:40:52,IMPS,NSXJ5964883192134
341,141,321,286133.24,2026-07-14T00:00:14,UPI,ISDE8965999497320
342,442,368,498616.07,2026-07-19T04:40:53,CASH,GCZT2227051028767
343,252,89,437480.92,2026-07-28T10:38:58,CARD,JQYD3866675485819
344,414,54,14515.6,2026-07-17T10:53:51,NEFT,FUIW2687741865205
345,362,377,425486.46,2026-08-10T22:30:41,UPI,YVLX6398365203758
346,215,428,28118.39,2026-07-15T14:35:58,UPI,ASJK1548094047604
347,161,50,138811.34,2026-07-23T07:20:50,NEFT,UBSA7977278105092
348,336,315,166399.23,2026-07-13T20:42:03,IMPS,ECND0705184390552
349,460,364,493136.51,2026-08-22T15:55:47,IMPS,XLQA6601382412704
350,265,8,418874.57,2026-08-24T18:27:05,UPI,GWQN2044851579197
351,34,99,250812.69,2026-07-05T05:54:30,IMPS,DCFX1259020357134
352,43,89,137835.18,2026-07-15T05:44:20,NEFT,XYXE4064242956334
353,353,259,317686.33,2026-07-16T00:42:11,UPI,FJIW7417595587209
354,160,141,58945.51,2026-08-03T03:10:38,CASH,ERSG6543588418343
355,291,429,283138.03,2026-08-11T02:16:06,CASH,IBDQ2727955969051
356,46,60,91332.24,2026-07-31T12:44:12,UPI,AFNP5512542782079
357,96,163,482886.22,2026-08-10T00:04:17,NEFT,SSWN6734595764038
358,404,6,187327.33,2026-07-07T03:47:49,UPI,NNYI9690282498392
359,450,371,153960.38,2026-07-09T07:08:37,NEFT,VKZB1425762702324
360,383,387,155312.48,2026-07-26T13:03:55,CASH,CFHG6132850725178
361,362,147,70298.99,2026-08-03T22:40:22,IMPS,WGPV6731625265469
362,212,116,136472.43,2026-08-03T22:12:50,NEFT,RCLP9039235558099
363,91,152,219855.2,2026-08-04T08:18:16,UPI,CUHE7303461562624
364,251,182,174494.71,2026-07-26T21:22:23,CARD,MVPB4622681715160
365,231,425,415882.05,2026-07-12T07:21:44,UPI,KESQ6707660464197
366,487,428,77936.54,2026-08-14T10:21:51,CARD,LYPW5851268612059
367,108,360,323039.39,2026-07-21T17:16:43,IMPS,GQTX7607401775095
368,107,176,251932.25,2026-07-21T04:26:24,IMPS,NKVJ0842456075409
369,47,263,129181.1,2026-07-07T12:43:01,CASH,LXBR6321812276457
370,134,17,258563.21,2026-08-25T14:45:07,NEFT,HXQS7015502916815
371,244,72,161563.18,2026-07-26T00:09:15,CARD,NMAF4161394498830
372,194,338,17021.51,2026-08-02T00:30:36,UPI,SPGY6424809624406
373,323,184,4048.36,2026-07-16T19:08:19,CASH,AZNV2447951330531
374,244,172,451499.64,2026-08-25T01:06:33,NEFT,JXWT7969586780555
375,468,184,233473.93,2026-07-30T07:34:05,NEFT,OEOX7382646091785
376,386,12,308344.5,2026-07-04T18:05:40,CARD,GXQL4457702992959
377,295,356,199726.81,2026-08-07T14:00:56,NEFT,NYAY4873682691163
378,130,371,169005.34,2026-07-17T04:51:10,CASH,DSJF2686536945515
379,154,21,438728.61,2026-08-14T10:55:50,CARD,RRMH6774722640857
380,56,216,134753.55,2026-07-13T09:53:45,CARD,VDMS6663093299819
381,206,304,256150.95,2026-08-21T02:02:05,IMPS,XNAK9329715096883
382,454,306,471428.88,2026-07-12T08:31:01,NEFT,OLXH2735241039773
383,488,498,69860.65,2026-08-24T06:08:53,IMPS,OHZF7819523710068
384,404,36,154705.84,2026-08-11T08:08:34,NEFT,MCZN4819807704605
385,411,178,82754.51,2026-08-04T11:12:50,UPI,WQUU7611249125652
386,338,76,86117.01,2026-07-20T06:52:01,IMPS,ZPGI1517734547574
387,42,95,101740.66,2026-08-20T20:33:02,UPI,ITBY2284035954429
388,371,126,277718.58,2026-07-26T06:34:29,IMPS,PWOV4222946430394
389,3,245,50046.75,2026-07-11T02:11:16,CARD,SAIL8867925298585
390,352,202,456425.24,2026-08-02T09:13:49,CASH,PUFQ7276015343324
391,426,238,381551.78,2026-08-24T18:42:46,UPI,YXZD3577908335061
392,199,66,467637.67,2026-07-28T16:18:06,CASH,QCIR8810798334233
393,396,168,409913.56,2026-08-09T23:11:13,CASH,FBTI8413128403339
394,306,202,173498.91,2026-08-22T02:56:03,CARD,PODR0513717173189
395,14,114,89162.2,2026-07-17T13:26:53,NEFT,TPJS0961739970469
396,189,186,411636.75,2026-07-22T23:21:12,CARD,PUFK8784448354884
397,307,385,38727.09,2026-08-08T09:51:08,NEFT,DYFP0587722164175
398,71,256,105695.05,2026-08-17T23:28:55,CASH,FGYD3348458714939
399,48,174,90019.84,2026-07-11T16:42:53,NEFT,KFGY6229258796434
400,146,160,410655.38,2026-08-11T12:16:23,UPI,JLEJ5557469660606
401,134,491,89841.03,2026-07-31T00:27:06,CASH,UZEO4033445056658
402,350,265,232514.86,2026-08-20T01:18:21,UPI,XGZG9874113257970
403,178,352,327968.72,2026-08-03T13:23:19,CASH,WWPH4996010548574
404,412,414,159580.99,2026-07-07T11:11:47,CARD,PEXC5622949381735
405,260,197,5893.17,2026-08-21T07:02:28,CASH,RYVI8840215573257
406,217,395,212548.1,2026-07-18T19:00:51,UPI,OLKG4490216667080
407,310,414,225189.94,2026-08-15T10:07:56,IMPS,LASN0858749511918
408,400,243,422099.79,2026-07-07T14:14:07,IMPS,RFZQ1979316477251
409,58,403,212090.16,2026-07-14T07:48:24,CASH,USKO8606940960035
410,446,346,3577.67,2026-08-07T03:48:24,CARD,EIHS5873959232342
411,133,102,307298.61,2026-07-06T11:34:55,CASH,ARTB2851553334264
412,223,25,20018.24,2026-07-19T07:21:22,CASH,GYLA2716073607763
413,236,188,299704.18,2026-07-16T15:38:02,IMPS,YMSD1289812317955
414,130,218,148142.61,2026-08-05T23:47:38,UPI,GGCZ8574817006661
415,278,137,178506.99,2026-07-31T02:56:34,UPI,LJCN4316704502329
416,229,167,17903.98,2026-06-27T14:05:09,UPI,EQEE7009345962622
417,183,375,369366.28,2026-08-16T00:54:03,NEFT,EXZZ2512073465495
418,90,44,63114.71,2026-06-29T10:50:06,NEFT,ZAKA7026086982210
419,325,253,137420.65,2026-07-30T12:55:39,CASH,HCNC1776872904774
420,353,317,412803.15,2026-07-09T03:12:01,CARD,KVRL9177932382231
421,292,235,163361.58,2026-07-05T21:21:03,UPI,WMJT1334245798894
422,76,312,318943.46,2026-07-09T11:22:33,UPI,KNLV2906032020326
423,196,263,39474.56,2026-07-28T00:01:51,IMPS,ASPP5396737948714
424,217,206,475184.4,2026-08-15T15:19:36,IMPS,KKFI5787158415608
425,370,335,39733.71,2026-07-08T22:36:32,CASH,DHOD1842547681826
426,495,60,285490.47,2026-08-15T06:58:12,IMPS,GEVH0358929880858
427,316,264,396882.36,2026-07-19T01:24:06,UPI,WQFL2129328963406
428,192,294,380383.45,2026-07-25T11:21:46,CASH,MQNP7524014843991
429,141,383,92938.16,2026-07-02T10:28:26,CARD,YNEE7236266933513
430,344,24,454882.23,2026-07-23T12:06:37,IMPS,EMDX9237245018481
431,140,3,9457.6,2026-08-23T18:57:27,CASH,PHVO4189721540641
432,337,67,231274.37,2026-08-10T23:33:35,IMPS,NSFW7438119953766
433,50,114,354533.35,2026-07-02T04:29:09,NEFT,UDYI4485645101739
434,33,314,356045.6,2026-08-13T17:51:14,CASH,HSNV4178996986091
435,302,216,164443.13,2026-08-23T00:04:30,CASH,ZUDS1135996605779
436,244,477,171541.06,2026-08-16T10:36:27,IMPS,BMZU6039205146074
437,178,422,231027.58,2026-07-31T12:02:55,CASH,VLLH4705742388565
438,108,273,336525.68,2026-07-13T09:24:01,IMPS,PCKL9835411659726
439,207,17,285699.51,2026-07-16T07:31:03,UPI,IWPL5752250139488
440,324,250,172715.07,2026-07-25T10:40:50,NEFT,YRRF6913119642585
441,383,272,145982.34,2026-08-04T04:59:10,IMPS,EMDX4991537038240
442,232,346,78034.66,2026-08-13T16:43:41,CARD,HWHH3732043097768
443,86,320,215822.24,2026-08-19T04:55:34,UPI,SGNF8969645465535
444,385,499,372051.6,2026-08-18T03:37:38,NEFT,LCWE5389218785193
445,193,472,189276.58,2026-07-30T12:10:25,UPI,WWUR3749079779612
446,50,203,496066.24,2026-06-28T20:00:29,CARD,RORU0572151494097
447,149,92,383460.63,2026-08-07T12:22:58,CASH,WYEM3748453986289
448,282,210,108954.53,2026-07-27T05:13:03,CARD,ATBW5911918623392
449,143,164,315174.8,2026-07-14T06:47:29,IMPS,AUPX1511696667252
450,258,275,112627.1,2026-07-05T23:51:13,CASH,JLFW6471246335157
451,254,388,413086.6,2026-07-05T19:34:37,CASH,QIAT0805120800564
452,81,474,200087.17,2026-06-29T08:54:48,UPI,ZSSL1239728351295
453,273,425,232064.34,2026-08-21T09:57:29,NEFT,FOWY2827090814415
454,350,427,326586.81,2026-07-14T04:52:39,CASH,SQFD7392957867181
455,211,97,309476.1,2026-07-29T12:52:28,NEFT,HLEH7360507918158
456,313,318,40344.86,2026-08-20T08:21:12,CARD,SWRQ6834527346666
457,375,210,162577.65,2026-07-04T16:27:22,NEFT,PAPD5879647408031
458,86,292,342213.09,2026-07-26T12:07:01,IMPS,SXSR2508004635806
459,12,381,394960.94,2026-08-15T01:04:31,CASH,QFQL0317235137399
460,283,262,425169.48,2026-06-28T04:48:35,NEFT,BMGW1403526356022
461,235,189,119733.73,2026-08-23T19:40:06,CASH,HTVI6943460666437
462,480,365,161429.83,2026-07-21T07:00:01,IMPS,TAUW6072311127128
463,34,458,288843.36,2026-07-28T11:19:24,CASH,FXIV6484494116318
464,126,351,494857.69,2026-08-14T00:49:25,NEFT,GEQB7711306211369
465,499,237,55667.53,2026-08-01T16:44:24,CARD,OXEO9083350902542
466,429,170,454448.42,2026-07-30T16:18:30,NEFT,OGUB6624813235707
467,237,370,3540.97,2026-07-03T10:08:59,UPI,HTQJ8228501168809
468,350,347,259931.78,2026-07-13T04:24:26,CASH,XKLB2130609069130
469,442,239,478791.65,2026-08-20T09:50:58,CARD,RCAU7964967379457
470,62,367,323579.96,2026-08-12T04:55:40,CARD,EORL3242642506420
471,366,13,413894.14,2026-08-10T08:11:43,UPI,NWRH6253666777675
472,150,416,411175.65,2026-07-29T11:36:36,UPI,KVME8333393957865
473,187,205,255828.69,2026-07-26T11:36:09,CASH,GMEP1874960335826
474,220,404,73077.27,2026-08-15T22:20:25,IMPS,NFOA3692492693265
475,389,423,395830.11,2026-08-11T04:20:45,NEFT,HXEY7599801110005
476,188,212,71060.85,2026-07-05T10:04:03,NEFT,KLGX2341595977524
477,408,248,48653.14,2026-07-26T03:04:39,UPI,DZRF2261896288743
478,235,461,376275.99,2026-07-07T16:37:30,IMPS,VEOD0267672095799
479,176,152,225243.04,2026-07-14T08:10:45,IMPS,OAPV9551512294621
480,291,141,380685.24,2026-07-15T19:49:35,NEFT,UKJW1597099625438
481,268,148,440097.28,2026-07-23T21:29:46,CARD,QAPK2034476504715
482,186,366,472401.48,2026-08-19T05:02:16,NEFT,BETA9046376604655
483,291,325,356568.11,2026-08-15T10:53:02,IMPS,ZNNW5254837441715
484,80,381,64363.69,2026-08-15T02:02:44,CARD,DAZE1312512931100
485,150,440,318417.49,2026-07-29T19:22:40,UPI,TCES7519102312110
486,436,109,74266.85,2026-08-07T17:22:04,UPI,ZVHG0165837379274
487,133,187,372754.07,2026-08-23T03:29:53,CARD,BOFQ0123428931132
488,208,245,85288.02,2026-07-27T21:24:18,IMPS,YHFM9496843645380
489,330,80,250597.54,2026-07-21T02:54:19,CARD,JYFC0175096170159
490,192,194,242674.37,2026-07-31T18:47:06,NEFT,WVTV1945757574758
491,446,269,242050.81,2026-07-15T03:52:20,CASH,HSFB5677567772266
492,8,343,171249.26,2026-06-29T01:31:05,IMPS,EZKM2650622923106
493,106,115,304359.75,2026-08-11T12:59:14,UPI,EIKG0762484337976
494,333,101,229714.92,2026-08-07T22:21:00,UPI,FPVB5115794238736
495,431,383,391565.41,2026-08-13T07:26:23,CARD,AJUF5496919284552
496,460,117,181843.81,2026-08-01T13:37:51,UPI,SPCA7563353574859
497,205,321,164824.59,2026-07-28T19:54:12,UPI,WGEK9399337970581
498,139,284,423318.15,2026-08-02T23:35:41,CARD,YETK1877941763425
499,447,41,28081.8,2026-07-02T10:00:20,CARD,PHHU0559782457598
500,268,127,398655.2,2026-07-16T02:38:44,NEFT,ZUGT9140388436604
501,354,480,122619.02,2026-07-22T00:37:19,CASH,GEJA0615727682975
502,91,21,132955.09,2026-07-07T03:32:23,IMPS,IOIG9742925010587
503,47,381,415363.12,2026-08-01T11:53:37,UPI,EKXM8065625904599
504,464,463,151450.15,2026-06-30T12:14:29,NEFT,QBXW2711221823155
505,117,125,290677.09,2026-07-29T12:26:29,CASH,CNKY1768086628137
506,51,275,25636.29,2026-07-12T03:06:49,UPI,DYIH3080037003322
507,101,245,41784.77,2026-08-14T06:55:15,NEFT,KKMY6084706810390
508,52,278,299187.06,2026-07-16T23:06:02,IMPS,HSPA5195826328094
509,292,5,430583.44,2026-07-22T11:28:40,UPI,RLQM2394535461470
510,369,454,321349.41,2026-08-08T22:40:03,CARD,TUVQ6321061339439
511,413,326,228181.59,2026-07-26T03:22:51,UPI,LOBU3943804032537
512,129,387,135444.53,2026-08-03T09:54:49,NEFT,XKOM9277894319100
513,169,260,141949.48,2026-07-01T13:02:59,IMPS,AIAJ7692105336514
514,136,445,170637.03,2026-08-06T05:17:29,CARD,UAJY0142473107201
515,258,159,55823.88,2026-07-05T01:05:33,NEFT,XHOS8440971231660
516,250,4,487179.76,2026-06-30T07:04:04,CASH,PNON2090144734043
517,254,84,380242.86,2026-07-19T11:38:34,IMPS,WOZA0968730451957
518,49,474,171281.62,2026-08-11T13:25:23,CARD,RFLV5882556296575
519,422,94,54444.98,2026-07-25T01:55:58,NEFT,EVYP8656194255778
520,110,158,160075.93,2026-07-12T15:16:02,CARD,BKQU2958292361618
521,242,53,463782.99,2026-08-18T12:04:49,NEFT,BQDS0482357155868
522,293,345,78278.22,2026-08-03T19:45:56,CASH,HSLX6137230817214
523,403,88,305100.6,2026-07-20T03:59:19,NEFT,YMJG8130004132114
524,167,490,236940.22,2026-08-09T15:06:32,CARD,DNLV6094565346997
525,404,214,134764.65,2026-08-25T09:04:16,IMPS,SBVP0755047681699
526,242,479,151878.7,2026-07-30T18:29:36,NEFT,VPAM0717481131765
527,157,171,414632.72,2026-07-20T02:55:44,IMPS,TPBK4873961029087
528,231,158,196831.75,2026-07-03T09:29:23,CASH,QFOI9680491872742
529,3,391,27748.18,2026-06-30T13:15:18,CASH,JTKN1213773062604
530,182,331,487495.38,2026-07-14T10:08:46,IMPS,HKVS7371122299077
531,10,420,104383.66,2026-08-01T06:53:32,IMPS,ZWNA8581670468611
532,151,427,160990.71,2026-07-05T03:46:00,CASH,IVLP6832102192378
533,167,286,99806.13,2026-08-01T22:22:02,NEFT,RIPC2961803324260
534,317,258,137054.11,2026-08-01T18:58:09,UPI,BQZA1849804253733
535,125,83,239893.38,2026-08-11T18:44:45,CARD,PPGD2688122821781
536,241,488,23095.38,2026-08-20T15:43:06,CASH,FHUY6534606056035
537,353,492,243571.97,2026-08-03T15:03:02,IMPS,OTHX2798623984716
538,311,301,50809.81,2026-08-23T22:09:43,IMPS,ANCR1205464754895
539,142,276,461810.69,2026-07-26T14:29:55,UPI,PQPM9899927517588
540,242,69,37086.98,2026-08-25T12:42:52,CASH,UCIU4449835539354
541,423,78,294945.18,2026-07-15T07:30:39,CARD,KQVN4496392435885
542,103,288,122688.81,2026-07-16T12:54:46,CARD,ZOSQ2143395275367
543,280,391,278381.55,2026-07-22T23:20:49,IMPS,SORK2491416860134
544,354,12,384975.95,2026-08-13T18:02:21,IMPS,ORSI8963406791766
545,491,437,386374.22,2026-07-27T02:08:59,NEFT,DEFD5001418842163
546,95,165,230455.76,2026-06-30T13:32:13,IMPS,VSBA1594463339994
547,102,347,129587.01,2026-08-19T08:09:51,CARD,LHEA8953263890219
548,383,478,59683.3,2026-08-25T07:30:28,CASH,IZPD1363379223410
549,219,203,399068.69,2026-07-19T20:51:08,CARD,VJNS9673311677269
550,31,468,186799.83,2026-08-02T14:19:09,CARD,ARYI3768550789679
551,224,17,436553.13,2026-07-16T15:15:17,IMPS,LEWC9626335564343
552,405,276,287450.25,2026-08-02T12:38:41,UPI,TPAV9317069556076
553,377,39,487116.35,2026-08-08T22:09:52,UPI,NCNI5345472239898
554,273,82,423165.04,2026-07-15T16:31:07,UPI,BMLB3121980418472
555,294,473,325121.98,2026-07-25T03:34:18,NEFT,ENIF3642813190924
556,385,38,215530.27,2026-08-18T21:15:55,IMPS,PNFH0391114281785
557,239,232,497175.4,2026-07-14T01:23:57,NEFT,ERFH0524808806220
558,334,459,287654.36,2026-08-11T05:28:52,CASH,EEHT5947372132901
559,271,400,410122.24,2026-08-02T07:56:25,CASH,EAJO8768868785996
560,456,11,146977.51,2026-07-21T02:21:00,CARD,QNFQ7203195419666
561,425,200,112692.45,2026-07-25T18:24:12,CASH,LAKP3036279246320
562,78,133,292229.8,2026-07-18T17:35:27,IMPS,OIPM7753726032145
563,273,235,100245.74,2026-07-01T20:15:11,CARD,LOMU6194588707155
564,474,182,357480.74,2026-07-15T11:18:56,CARD,JQFA1284008385076
565,79,97,103151.47,2026-07-29T02:50:52,NEFT,ZTOL9545089177680
566,52,14,472252.92,2026-08-18T21:23:05,UPI,XXSQ1265742231964
567,400,66,477334.83,2026-08-03T23:29:36,IMPS,HBBJ0236936268943
568,446,162,329117.7,2026-06-26T17:47:50,NEFT,CFBI7137271175957
569,156,84,135611.86,2026-07-21T17:51:14,NEFT,SRRX5582984933067
570,396,182,438831.03,2026-07-23T02:43:16,CASH,KQJP6094412833372
571,64,428,12809.4,2026-07-06T06:13:27,NEFT,WRQL6669541329715
572,195,26,199649.18,2026-07-02T05:04:11,NEFT,NMNE6705514377693
573,395,195,62412.19,2026-08-05T00:56:05,NEFT,NHJH9252959611110
574,260,468,258296.44,2026-07-11T06:06:33,NEFT,RNPC2007202455910
575,388,108,244605.3,2026-07-12T17:28:12,CARD,JKDB9109032671494
576,184,384,207622.42,2026-08-25T10:32:37,NEFT,QCTJ2179428179340
577,47,410,239041.68,2026-08-03T21:08:57,CARD,KVFW7758446634533
578,58,484,3727.07,2026-08-10T11:21:07,CASH,EWEB1091217221455
579,205,493,177405.08,2026-08-21T22:16:25,IMPS,HWPN6189437052635
580,429,34,423919.3,2026-07-03T02:23:46,IMPS,BBZI6277657256592
581,118,371,405103.7,2026-06-27T09:48:34,CASH,ZFIN1752023897432
582,9,488,364841.59,2026-08-06T06:11:03,IMPS,BYAU5595501783325
583,24,73,88761.46,2026-08-14T17:10:02,UPI,IQMQ9993607984870
584,66,266,347565.6,2026-07-24T07:22:32,UPI,KANS1767993593744
585,32,306,433185.9,2026-06-30T10:40:40,IMPS,HVSI6408303736060
586,191,317,78825.6,2026-07-04T01:48:54,NEFT,ZZIR8608490793884
587,90,480,75775.11,2026-07-07T22:28:35,NEFT,HMRX5283061537012
588,187,451,393299.74,2026-07-21T18:06:35,UPI,FVJV4626325144881
589,255,105,312693.71,2026-07-04T02:05:42,IMPS,EDAH1421751887817
590,319,13,165857.87,2026-08-25T08:03:09,CASH,IZCL1526384091122
591,18,377,456797.11,2026-07-29T21:37:46,UPI,FQWR3750566186323
592,277,194,361289.11,2026-08-12T14:56:01,NEFT,YSXW1378765530073
593,81,52,448604.63,2026-06-27T01:08:54,UPI,SLAV5560571219881
594,215,34,237897.12,2026-08-23T05:59:58,CASH,EPPR8519053486401
595,439,460,67289.26,2026-07-02T00:25:57,CARD,JVEW4624561851744
596,415,327,238174.11,2026-08-05T04:33:14,IMPS,AAJK2128991511455
597,66,166,182854.81,2026-07-08T16:46:51,CARD,FSGS1304488189848
598,343,367,246451.57,2026-07-25T13:48:31,CARD,DMYB4615402119017
599,101,65,64990.83,2026-06-30T19:33:58,NEFT,PZLM8142983152291
600,116,338,47485.12,2026-06-28T07:43:44,CASH,PGXW2283608493783
601,145,455,124964.42,2026-07-02T10:49:19,IMPS,NGTV6384526969443
602,95,374,164380.02,2026-08-25T12:45:24,CASH,DWNI9701693429291
603,343,303,288625.84,2026-07-20T20:10:33,IMPS,EWBH3016234190310
604,390,461,211068.27,2026-08-05T19:39:54,NEFT,DKGO2215566847323
605,297,378,17209.23,2026-08-03T11:24:12,CASH,LGVV3774604067200
606,324,25,489767.36,2026-08-10T05:26:07,UPI,QJGN1424426078197
607,74,325,397406.63,2026-07-30T11:00:32,NEFT,JUHO3476427372037
608,204,166,240440.11,2026-08-03T00:36:58,IMPS,HRQU2145841484601
609,97,322,485392.81,2026-08-20T18:02:42,CASH,DHJI3899827802058
610,232,110,131476.04,2026-08-06T10:30:32,CASH,SKAP3214644936999
611,61,382,384278.68,2026-07-31T08:05:03,IMPS,DMPT3350557385736
612,173,457,170557.4,2026-08-20T07:02:43,CASH,AWCD9236037681187
613,396,282,48342.06,2026-07-09T20:43:46,IMPS,HXGG5104096149731
614,391,266,390998.94,2026-07-29T18:37:51,CASH,HTDC4983074820736
615,329,14,63201.46,2026-07-28T19:09:56,NEFT,DCQS3940655782019
616,500,235,60226.84,2026-06-28T18:15:06,IMPS,VIGF2302333247073
617,65,448,226337.16,2026-07-09T17:55:07,CARD,BDXX3546212760250
618,482,43,485842.71,2026-08-17T10:31:30,NEFT,FVND1231261632488
619,204,420,499272.54,2026-08-17T05:28:59,NEFT,SSKO2989376297454
620,73,431,387978.09,2026-08-24T13:12:50,NEFT,GXZY0364687191203
621,376,382,300508.06,2026-08-17T11:43:16,NEFT,DRPM9208283230898
622,289,441,23592.91,2026-07-03T21:18:41,CARD,HRRC5881445822067
623,186,277,473587.03,2026-07-16T14:51:38,CARD,EZZH1829716815724
624,86,192,340230.41,2026-07-29T11:19:51,CARD,ABYA0001529113717
625,116,432,358071.37,2026-08-18T00:30:36,CARD,ULBZ9025561844421
626,483,490,429161.77,2026-08-18T16:13:28,IMPS,ETVS8747812248905
627,26,492,200496.33,2026-08-02T12:38:51,CASH,PBQN7009004365515
628,462,268,446882.87,2026-08-15T18:35:18,CASH,IQEM6913624835505
629,165,70,150066.61,2026-07-26T19:07:22,UPI,FZSM0807063369987
630,129,363,155871.51,2026-07-31T03:51:56,CARD,ZAYT8221040164818
631,305,492,377609.27,2026-08-17T01:48:37,NEFT,XAIU4287738363816
632,74,247,382320.01,2026-07-22T16:29:38,NEFT,HEVC2694289464203
633,201,403,209562.74,2026-08-06T10:40:49,CARD,YWEL8631441706462
634,100,128,35358.77,2026-07-31T02:55:52,IMPS,YLYJ0263558243017
635,72,458,363016.88,2026-08-02T07:34:53,CARD,JNZI4898803153888
636,484,345,221746.34,2026-07-14T00:18:19,IMPS,IKXE7905040433335
637,390,168,58734.28,2026-07-15T13:17:43,IMPS,QISK1632111978718
638,269,53,299263.41,2026-07-01T09:05:38,NEFT,TGHS1373265306011
639,339,225,62519.76,2026-08-25T02:14:54,CARD,YQPY5617868800230
640,233,79,489498.58,2026-06-29T12:58:44,IMPS,SDKY6182980365774
641,449,140,20581.72,2026-07-24T05:25:35,IMPS,TDXN0936595201491
642,58,321,292530.79,2026-07-08T15:29:29,CASH,QUYS4184336875092
643,389,150,51614.78,2026-08-05T05:30:18,CARD,GFXF3998213745561
644,492,307,120722.17,2026-07-05T15:22:31,CASH,IBWX4288605053766
645,429,360,210894.89,2026-08-07T22:57:52,UPI,ZXBQ1126003083566
646,443,395,362053.78,2026-08-24T15:53:04,IMPS,CYAM2715312345506
647,464,129,164481.95,2026-08-15T02:42:31,IMPS,RFNS1776829384401
648,183,43,356576.5,2026-07-20T04:36:36,CASH,JRAZ8735437882603
649,125,300,295583.11,2026-07-19T09:08:49,IMPS,ULTX1015709085991
650,54,400,243982.2,2026-07-24T18:42:34,CARD,JSFA7492699969964
651,429,290,259531.5,2026-08-19T08:21:25,CASH,UTYT7184285969325
652,22,309,419119.0,2026-08-20T13:48:48,UPI,DJAY8499323123426
653,295,49,382038.93,2026-08-04T22:21:31,IMPS,SRBN9087261760723
654,298,345,301942.51,2026-07-26T17:40:02,CASH,RXHQ9359538280405
655,368,382,323579.53,2026-08-05T05:57:18,CASH,VDEW9965082695826
656,437,236,261430.42,2026-07-22T12:23:27,CASH,CZRM9656130876123
657,417,413,388837.62,2026-08-16T23:58:52,UPI,KSKY1434682394840
658,111,291,315297.59,2026-06-29T13:06:32,IMPS,FPYH0086966101683
659,51,150,400967.43,2026-07-03T23:22:15,CASH,CVGT5001680941491
660,435,457,409202.38,2026-07-27T21:22:32,IMPS,BONY2839762053440
661,181,499,138388.57,2026-08-13T18:32:09,UPI,OOTJ6207266292508
662,167,235,317440.18,2026-07-05T15:00:49,NEFT,XPXU7602991406884
663,108,286,273684.13,2026-07-03T04:57:56,IMPS,GGGO3125523561781
664,380,206,390506.02,2026-08-10T18:16:07,NEFT,AGFV1192061363852
665,433,256,166948.26,2026-08-11T02:21:38,CARD,PRSL6133718444902
666,276,379,482955.22,2026-08-21T21:11:35,IMPS,KBEM4801644037341
667,425,157,360998.14,2026-08-04T08:43:16,CASH,PRDE7782210217982
668,161,319,93177.45,2026-07-06T14:56:27,CASH,UGIQ6298579736383
669,104,136,242771.77,2026-07-07T20:24:41,IMPS,QFRV5605397079866
670,413,225,377409.95,2026-07-08T05:45:16,NEFT,OPWB6736820506821
671,166,9,290965.23,2026-07-13T06:47:44,CARD,FHUL5216505871469
672,359,329,378409.61,2026-07-11T06:47:41,CARD,XCQU2192596790898
673,92,204,38060.08,2026-07-22T18:10:01,UPI,HNTT8480220509386
674,47,365,438478.83,2026-08-23T18:26:11,CASH,WWIQ4249598811457
675,437,135,170147.96,2026-08-18T16:01:53,IMPS,QOZY0715238676738
676,204,69,51902.65,2026-07-14T19:39:39,IMPS,ATOI6191779876829
677,315,292,161985.76,2026-08-21T11:22:28,NEFT,NQPW2258937085806
678,227,423,274038.81,2026-07-14T18:26:24,IMPS,VUZH5040566957900
679,14,254,347570.04,2026-07-08T19:20:26,NEFT,FIRF5544286796325
680,126,449,323982.74,2026-08-25T01:06:43,NEFT,JFUH2894633891562
681,75,7,482298.78,2026-07-22T00:01:02,CARD,CVVK2857256292693
682,248,430,278205.54,2026-07-18T06:24:13,CARD,KQTZ5138186550784
683,99,212,259333.84,2026-08-03T04:34:17,CASH,RKAT5744303491891
684,322,295,489567.63,2026-07-07T16:14:38,IMPS,PTPF0385934015364
685,362,408,401732.7,2026-07-05T06:00:50,IMPS,KJOD5531325936781
686,221,190,462760.37,2026-07-19T19:24:11,NEFT,ZNOK0094214105276
687,164,277,479049.74,2026-08-25T11:12:17,NEFT,QDWS8780927045238
688,165,441,351247.17,2026-08-16T19:58:10,CARD,RYLM2258660598678
689,297,66,458747.98,2026-08-08T14:52:48,CARD,IJFE7585485965594
690,363,244,52493.33,2026-07-13T22:43:19,CARD,QEJT1165020002453
691,117,369,351102.03,2026-08-22T14:43:37,CARD,UHCH2155130557083
692,421,115,287172.15,2026-08-07T00:23:20,UPI,RXFV1444889669972
693,236,317,295572.36,2026-08-14T04:35:32,UPI,WHNO7462025825431
694,489,88,224289.29,2026-08-16T17:44:36,UPI,GZFW8123123920491
695,459,178,353183.88,2026-07-02T09:55:11,UPI,MXAC8364723875082
696,350,471,138117.58,2026-08-11T11:31:31,IMPS,MQWC7225775458472
697,486,460,356834.73,2026-08-02T11:23:58,CASH,ESBK2918768316082
698,221,361,66765.06,2026-08-08T08:40:13,CASH,DUPF1733739920522
699,111,339,269244.01,2026-07-11T18:05:55,IMPS,SSTG6216591438823
700,170,120,437996.75,2026-07-12T20:35:52,CASH,KULW3983584461777
701,74,393,340692.73,2026-07-17T22:28:15,IMPS,FZMJ3095449791279
702,442,4,26580.16,2026-08-22T05:15:13,IMPS,OAFS2712053978713
703,301,62,35599.6,2026-08-13T07:01:19,UPI,WKES8832201256083
704,272,212,366304.91,2026-07-13T12:12:57,NEFT,BBIY8797888975358
705,308,397,89752.47,2026-07-31T09:11:42,NEFT,FHUR6003044361995
706,16,333,364360.69,2026-07-07T07:35:05,IMPS,OCLF3910292950143
707,46,49,287044.04,2026-08-12T02:13:26,CASH,IUXQ3093096713971
708,413,209,237256.34,2026-08-24T18:50:36,IMPS,DEMB2213217672019
709,94,50,88787.73,2026-07-05T08:24:44,CASH,DDMM1220190725873
710,451,130,92364.73,2026-07-15T21:44:10,CASH,TXXG0493665380274
711,103,117,323647.91,2026-08-16T06:28:37,UPI,DEYZ4211408682509
712,174,232,261981.25,2026-07-28T09:36:02,UPI,EETJ6209355610399
713,451,76,341386.77,2026-07-30T04:56:26,UPI,EYWS7013712436585
714,87,1,264607.57,2026-08-18T01:55:36,UPI,LMJY2304120270615
715,168,197,400039.08,2026-08-25T07:47:06,CARD,FPHR7402990716690
716,289,192,477860.28,2026-08-05T17:18:02,NEFT,HEEJ8155420340301
717,326,318,267653.48,2026-06-28T07:45:47,IMPS,TLMP9756491579554
718,50,447,77420.12,2026-08-06T23:11:39,IMPS,FHIP1247601080181
719,294,91,353213.15,2026-06-30T10:43:28,NEFT,GAZX6831764172680
720,260,77,222608.71,2026-08-18T12:57:22,CARD,AQDZ5712901507138
721,20,479,479019.88,2026-06-30T19:23:35,UPI,NODH0735104584743
722,414,479,145786.33,2026-08-04T13:58:54,IMPS,FDWG0096258857669
723,350,93,83775.92,2026-07-21T07:46:52,UPI,PAGD8053396274666
724,255,99,498671.22,2026-07-11T03:28:11,IMPS,CLSC8327000466614
725,481,233,274035.42,2026-07-28T18:12:17,CASH,USAY1107977140049
726,402,230,334385.67,2026-07-19T14:17:02,UPI,RYRC9490531520499
727,174,127,119801.73,2026-08-14T09:50:19,CASH,BZSJ9769873137971
728,97,407,179224.87,2026-08-05T22:30:31,CASH,MTRX4166123740779
729,416,432,353847.95,2026-07-22T12:42:24,CARD,HHFY5623899499197
730,51,435,331789.95,2026-06-28T02:38:15,IMPS,CWIF6203708782116
731,467,270,351132.73,2026-07-02T00:27:17,CARD,FVVV0418135998989
732,202,388,100545.95,2026-08-09T05:44:37,IMPS,EDCO0889480186448
733,70,230,146550.28,2026-07-10T02:36:00,CASH,FYDO5883978570820
734,207,223,245283.63,2026-06-29T04:20:42,CASH,IRBN7571236914961
735,54,165,304870.65,2026-07-04T20:17:09,IMPS,FQPV9429688276970
736,255,403,385444.28,2026-07-22T14:56:40,UPI,BSLH1419615607832
737,271,426,473395.25,2026-08-13T00:26:57,IMPS,JVZW8835651796240
738,457,301,285680.33,2026-08-24T09:38:17,NEFT,NWUJ9668349604784
739,329,161,267192.64,2026-07-11T09:56:16,UPI,COAE8516225936488
740,495,156,175947.63,2026-07-08T19:52:54,CARD,AQSZ3486883906246
741,27,422,436865.23,2026-08-12T05:50:49,CARD,EYQO9916091141319
742,269,435,185474.88,2026-07-20T19:01:20,UPI,LVYT2361337605230
743,467,110,474987.15,2026-07-21T09:31:59,NEFT,KRQD6502544724191
744,365,164,101883.76,2026-08-07T07:55:36,NEFT,KUBG4409661771824
745,293,328,22712.42,2026-08-23T09:52:17,CASH,RSYR0880678214174
746,106,461,462163.69,2026-08-05T20:27:56,UPI,QDZH5926648698939
747,464,124,457630.97,2026-08-04T02:49:16,IMPS,WTRO4869415594501
748,91,200,185954.71,2026-07-08T17:41:21,CASH,TEXT2075360511716
749,23,80,123161.96,2026-07-02T16:38:13,IMPS,HTRY8636536218945
750,452,473,285312.81,2026-08-01T20:12:14,IMPS,TBMP0009942489420
751,105,482,368343.12,2026-07-25T03:57:18,IMPS,MMVI8966760564204
752,210,272,188628.17,2026-07-27T05:53:28,NEFT,NLPY7580974533890
753,419,399,300104.8,2026-08-06T23:09:02,CASH,EHZL4662265401659
754,22,357,64531.23,2026-08-24T17:46:42,NEFT,LHBA6221224276774
755,37,327,79546.02,2026-08-04T15:25:26,CASH,EYKT1601124115848
756,35,94,83766.63,2026-08-15T21:20:07,IMPS,UMBA8017986778231
757,490,349,347540.11,2026-07-13T11:20:13,IMPS,STLO0472642612120
758,275,147,285097.16,2026-07-16T11:34:35,UPI,QIHX7536596807852
759,390,62,442811.26,2026-08-01T11:08:00,NEFT,IQFJ2183854540064
760,487,45,249033.81,2026-07-26T08:20:59,NEFT,ULJU7523112327489
761,266,19,54761.01,2026-08-13T09:10:46,NEFT,VTXC7763342720388
762,20,427,41895.65,2026-08-02T12:47:29,UPI,VFCP5080196304530
763,124,224,219110.47,2026-08-03T05:20:58,NEFT,TZHK8824935340018
764,227,306,331472.09,2026-07-03T09:32:44,CARD,WMOP8481652444544
765,393,499,105294.64,2026-08-07T04:37:02,IMPS,BRGR5179937810539
766,23,292,76439.99,2026-07-08T15:51:44,IMPS,EROQ8486999698829
767,472,90,100404.58,2026-07-02T14:25:55,UPI,JKPS2714724630198
768,201,195,145973.62,2026-08-02T17:03:33,UPI,WIFI2383972833912
769,116,95,168010.73,2026-07-07T15:09:18,CASH,UVRP0629328809832
770,13,447,421726.81,2026-07-10T19:59:41,CARD,DBDA2320018676610
771,271,148,71767.39,2026-06-29T13:54:58,IMPS,QUTV8761081435614
772,30,58,267183.46,2026-07-02T16:16:30,CARD,XHRJ5319807468235
773,369,87,19311.17,2026-07-26T17:16:02,UPI,NSKV1003076205459
774,351,120,1810.13,2026-08-02T12:03:05,UPI,OCKA0666641106541
775,417,199,59909.08,2026-07-05T10:52:54,NEFT,WHJA7851699497089
776,391,322,272836.71,2026-06-28T03:31:55,UPI,LYRY3668348268999
777,333,422,468611.75,2026-08-05T00:47:31,CASH,FMTO0838688891787
778,145,352,224890.64,2026-08-25T08:03:03,NEFT,CLAL9625719760932
779,350,252,172638.61,2026-06-28T20:23:06,CASH,CENW5789826041809
780,246,471,227166.18,2026-08-01T11:14:43,IMPS,ECZO5585177741274
781,115,74,365516.17,2026-08-03T01:48:58,CASH,TFZC1882419962642
782,132,452,370028.79,2026-07-12T11:38:18,CASH,ETPK8917045421854
783,413,154,230020.04,2026-08-01T21:16:33,CARD,PBKN8209225709001
784,437,117,62599.61,2026-08-04T10:54:32,IMPS,HWKN4072324728289
785,107,483,441822.53,2026-07-28T13:00:02,CASH,XZIA0178822473126
786,376,232,194282.58,2026-07-03T17:23:07,IMPS,MRZY5071058011950
787,173,167,66644.03,2026-08-24T22:51:14,CARD,FOZD1526105370923
788,106,126,95563.44,2026-06-30T22:39:15,NEFT,BOCZ6950074189485
789,486,448,392084.48,2026-07-25T03:17:54,IMPS,HZUE9876989365294
790,461,238,382011.89,2026-07-23T18:39:35,CASH,PYDN1982734813104
791,192,330,196475.5,2026-07-28T22:46:05,CASH,BELY8963217435748
792,56,278,150230.11,2026-07-20T04:16:32,CARD,KENQ0648606739834
793,212,27,168907.81,2026-07-25T18:32:17,NEFT,RQGR4253646280550
794,338,197,215948.73,2026-08-08T22:36:13,CASH,OIWB6579551562392
795,13,356,283739.71,2026-06-27T15:09:21,NEFT,TBRK5107409131117
796,140,382,384643.09,2026-08-14T23:03:39,CASH,MDTV0254760220695
797,295,401,75426.56,2026-07-19T09:17:16,IMPS,KIWC2012275950026
798,240,126,65364.49,2026-07-01T14:47:16,CASH,CKDK3259479507407
799,162,313,306201.22,2026-07-06T09:14:37,UPI,YOWG2798059503100
800,347,50,42966.45,2026-08-03T19:27:52,UPI,JVTG4039104520360
801,472,442,165821.17,2026-08-14T20:39:55,UPI,TWYJ1184913599285
802,161,477,101583.23,2026-07-30T06:57:59,NEFT,YYHL9520561006799
803,491,110,33104.94,2026-06-27T22:52:50,CARD,UAMS6801867740378
804,466,162,414144.43,2026-07-22T14:45:41,CASH,WVEW3394495300677
805,174,361,151689.92,2026-08-02T06:53:45,CARD,YFKK0325017365426
806,82,462,81712.05,2026-07-14T12:23:59,UPI,JDOR4290292334511
807,273,467,79224.38,2026-06-28T03:58:20,CARD,XZBS0605308868430
808,322,241,140689.18,2026-07-11T09:25:09,NEFT,DCMM7329045759887
809,500,59,73408.48,2026-07-28T01:46:03,CASH,SFCF9964260336202
810,50,387,440127.88,2026-08-10T02:41:55,CASH,LLQF1477092071152
811,195,245,10075.06,2026-07-18T14:16:41,IMPS,WYRA2362192158189
812,477,226,90998.65,2026-08-13T03:32:22,UPI,XAVL9161186385588
813,497,252,283434.82,2026-07-04T14:30:30,IMPS,XSKS7721688005378
814,44,454,88700.01,2026-08-24T07:36:15,CARD,GCRM9289728454018
815,154,347,74828.05,2026-07-10T02:16:38,NEFT,FXYP2002839482322
816,493,325,355732.95,2026-07-02T10:19:40,UPI,ICII7432811659930
817,182,309,247425.47,2026-07-08T23:19:09,CARD,XUXA2030423227752
818,457,303,84613.17,2026-07-06T17:01:55,IMPS,HLWG0281650646300
819,99,263,260263.76,2026-07-30T03:03:58,UPI,WZTH7775691983210
820,251,164,26100.33,2026-07-12T09:43:42,NEFT,TCNV1746902983104
821,359,157,498077.35,2026-07-20T18:13:17,IMPS,XRIC9662291316708
822,21,140,379906.56,2026-07-02T02:40:44,CASH,LMRL6670636219865
823,338,42,15783.77,2026-07-31T19:13:46,CARD,BJSJ4407663493396
824,6,377,151424.96,2026-07-30T01:33:52,NEFT,AJUT6273226261142
825,464,241,18087.98,2026-07-21T12:21:42,IMPS,GZNV2585421880879
826,357,193,401592.7,2026-08-25T15:49:10,CASH,DXTN2341996433853
827,209,363,471458.84,2026-07-09T16:40:02,IMPS,XJOF5058333430311
828,283,99,133409.6,2026-08-01T04:57:18,CASH,VQPM0545769475769
829,471,461,456679.51,2026-07-22T17:32:47,CARD,XYUK3536597466986
830,459,59,64350.06,2026-07-02T20:37:59,UPI,NGIE1254508095948
831,125,39,32573.09,2026-07-05T04:27:18,CARD,KFYM9255966472130
832,411,122,431858.83,2026-08-09T16:30:33,UPI,IEHL9142614048933
833,371,7,170633.29,2026-07-11T23:16:31,CARD,NDJY5430796373100
834,37,80,482825.6,2026-08-17T13:09:15,CASH,UVXD7852211587184
835,324,448,332502.54,2026-07-27T14:15:06,CARD,FGLV4268744701732
836,63,29,99840.7,2026-06-29T03:27:52,UPI,WQNZ5237772966563
837,96,47,45883.8,2026-07-15T14:48:38,CASH,OADI0052781055800
838,406,352,25094.32,2026-06-29T03:28:10,UPI,EPVF2142573160943
839,199,165,96400.03,2026-08-21T09:12:38,NEFT,WZDY3681720313695
840,363,254,144102.94,2026-07-30T18:30:55,CARD,WEQY6209297352595
841,443,122,253841.44,2026-07-17T09:17:17,UPI,HEFE7393899204573
842,91,499,72032.0,2026-07-31T01:26:46,CARD,HEHN6185076108708
843,295,499,62092.75,2026-07-14T21:14:14,UPI,MTPZ1823601071261
844,97,96,378167.49,2026-07-31T01:52:13,NEFT,URHR8217648467357
845,84,203,296194.87,2026-07-22T04:30:28,CARD,EEGG2228019442589
846,212,260,109207.29,2026-07-11T15:58:53,IMPS,WVVU2256062953506
847,423,177,265322.37,2026-07-20T04:56:36,IMPS,UZXP3118046741307
848,145,387,30903.62,2026-07-27T07:04:27,CASH,HRJY1852013626084
849,177,463,309960.71,2026-08-04T10:54:15,CASH,HSXP5615470554912
850,41,346,358083.24,2026-07-03T05:16:46,UPI,LCNX4119556409196
851,382,346,294110.5,2026-08-23T04:55:35,IMPS,GSKO8752070204262
852,358,349,479652.12,2026-06-28T03:12:59,CARD,CTUP1212413936967
853,135,373,225448.4,2026-08-17T08:04:48,CASH,SUOM0987312677319
854,190,256,244594.82,2026-07-14T16:25:46,CARD,EOUM0759889786533
855,382,98,85359.41,2026-08-21T04:33:14,IMPS,WWJG1916543089523
856,210,239,162251.45,2026-07-08T19:01:22,CASH,EBFD9150576449747
857,238,445,226142.99,2026-06-27T08:31:31,NEFT,WBAE6876448676497
858,378,385,474822.09,2026-08-23T06:27:58,NEFT,OJCN3656045006355
859,404,163,435138.23,2026-07-18T02:29:23,NEFT,PGBS6496927711952
860,205,188,395708.42,2026-08-20T23:03:50,NEFT,WMHK3059702551282
861,78,304,108575.19,2026-08-10T14:34:52,UPI,NVGN4315948989596
862,201,242,168723.88,2026-07-30T12:57:41,UPI,JNVN3454434414916
863,255,201,414906.1,2026-08-20T23:14:25,CARD,TSHY9344974394640
864,143,117,303451.82,2026-08-16T17:44:09,CASH,YVVW8223095862973
865,222,223,79994.34,2026-08-21T13:46:00,UPI,VRUY8941321097202
866,181,493,476479.86,2026-07-07T20:46:47,CASH,PYBP5485346557922
867,312,149,259429.47,2026-06-30T07:22:24,CASH,HABJ4964612939002
868,412,111,6582.5,2026-07-31T05:29:01,IMPS,DEYD3756589635957
869,324,82,155374.9,2026-06-26T21:52:28,CARD,RNZC9931458434566
870,220,314,64801.1,2026-07-18T04:06:46,IMPS,CCHR8503423622033
871,175,372,344288.4,2026-07-26T18:53:32,NEFT,OJFI6310437968680
872,190,290,31656.18,2026-06-29T20:36:05,CASH,RZUK2946902177417
873,190,214,472293.92,2026-07-22T06:27:58,NEFT,GBJG5023850228946
874,466,447,316972.33,2026-08-03T15:12:26,CASH,KFOY5233282930202
875,403,144,288652.18,2026-07-28T17:52:20,IMPS,MSDG3030334677116
876,358,100,482740.4,2026-08-09T23:43:07,CARD,LAON2799553024530
877,498,467,296458.11,2026-07-04T06:47:34,NEFT,FHXS8472303420284
878,417,420,281692.68,2026-08-10T04:44:53,UPI,CZSZ0172224050764
879,161,262,192133.26,2026-08-18T17:49:50,NEFT,OXYD7754619924065
880,320,165,245521.14,2026-08-18T06:33:05,CARD,HROE7258122590956
881,462,457,363940.63,2026-08-03T23:02:07,UPI,YRJW4823733791212
882,231,200,395661.66,2026-07-04T21:27:36,IMPS,CBDQ7803586901707
883,365,74,388901.86,2026-07-24T23:21:58,CASH,WBZU3925199945295
884,127,115,163674.47,2026-07-07T07:22:40,CARD,PDFF2764338722054
885,248,288,136451.51,2026-07-11T05:11:38,IMPS,EDMF6549633083344
886,249,161,268201.45,2026-07-26T00:17:05,NEFT,OAJQ8789950470205
887,491,473,60269.17,2026-08-25T06:50:58,UPI,VMYQ5195377492663
888,377,454,399444.36,2026-07-12T05:12:21,IMPS,TXKN3427775225920
889,128,405,350352.98,2026-08-06T07:19:39,UPI,CMLR1292059229411
890,153,134,148122.08,2026-07-28T00:08:33,UPI,YNGB2955963637262
891,334,330,39446.97,2026-07-25T11:44:29,CASH,VYFB6615498085133
892,398,466,223397.88,2026-07-07T01:43:56,CASH,HURY0049832112212
893,285,81,379254.94,2026-07-04T02:11:48,UPI,LXJQ1582686876401
894,480,141,98970.57,2026-08-22T06:36:46,CARD,DQKI8806442006298
895,233,146,64354.99,2026-08-14T00:29:58,UPI,OUQP3585664641962
896,64,27,276332.3,2026-07-17T19:46:50,IMPS,JVFD9262213204104
897,73,162,187577.02,2026-07-12T12:30:55,UPI,TIRG1478911797269
898,322,223,197829.3,2026-08-24T20:30:18,IMPS,TTIS8128318003666
899,314,429,321846.13,2026-06-28T17:15:44,IMPS,XWXF0005328538631
900,290,388,441641.48,2026-06-27T01:26:40,UPI,KUBK2438380582692
901,371,368,248388.64,2026-08-20T11:59:06,UPI,YTBB7686276332838
902,72,78,81774.53,2026-08-24T20:30:47,NEFT,MVZG3761851862671
903,48,387,178604.81,2026-07-20T17:58:00,UPI,NRJY1013282339218
904,212,176,246278.61,2026-08-15T00:26:20,CARD,XHLF7918750677610
905,32,269,394885.38,2026-08-06T16:57:13,NEFT,YUXL9208814319279
906,281,422,103706.56,2026-08-08T20:27:24,NEFT,NDOQ1596983845720
907,60,391,130451.27,2026-07-11T07:34:29,NEFT,WMML6862959125734
908,29,331,12210.18,2026-08-25T13:35:26,NEFT,QSSF5539460742990
909,246,22,379288.02,2026-08-08T21:31:19,NEFT,IUPE9669417996708
910,489,446,159797.56,2026-06-27T01:26:26,CASH,RZTO4748599464183
911,388,325,9725.94,2026-08-24T17:49:50,IMPS,ZQJD6734785369881
912,253,13,348592.66,2026-08-02T15:51:09,CARD,JYSR0445092860521
913,35,21,18099.19,2026-06-29T17:38:28,NEFT,FMEO0664890082484
914,299,252,350941.92,2026-07-31T12:00:10,CARD,QDYH0889830574883
915,452,189,414535.43,2026-08-23T10:56:12,CASH,XPIX1856302750003
916,109,78,457608.81,2026-07-01T03:29:14,CARD,VLXM6199530564184
917,145,137,255488.72,2026-08-20T13:47:53,NEFT,GORV4679087018726
918,428,104,128213.49,2026-06-30T01:50:39,NEFT,ADUY3651034444299
919,168,460,59671.91,2026-06-30T21:17:34,IMPS,MPIV5686524062215
920,232,15,483870.61,2026-07-30T02:30:14,CARD,TTNP2562221905334
921,395,208,56435.48,2026-08-08T08:45:51,CASH,ZAIP4764845593965
922,412,55,437129.74,2026-07-13T06:17:17,NEFT,DHRH5071245531290
923,389,292,149375.03,2026-06-27T00:13:20,NEFT,XHME2117327726488
924,454,304,180533.07,2026-07-20T14:35:05,UPI,TLRK5852294252516
925,332,321,445114.24,2026-07-07T21:58:28,IMPS,QKPL9171050805491
926,112,262,6278.93,2026-07-21T18:25:12,NEFT,OOJI7353524784171
927,441,171,473402.86,2026-07-31T06:57:53,CASH,SJWZ9734493053788
928,369,168,195438.12,2026-06-29T15:02:44,NEFT,HGDQ3611338926087
929,472,252,298410.51,2026-08-14T19:36:21,NEFT,RFZR1527873048625
930,40,316,235.34,2026-07-02T18:19:57,UPI,KFDO4653537801891
931,318,26,473398.88,2026-07-31T06:34:35,UPI,NVPG4467177629691
932,156,228,284098.65,2026-07-26T19:44:27,NEFT,HGME9994664509999
933,50,28,322921.48,2026-06-29T12:02:06,CASH,WBDB8985739083521
934,380,449,140061.34,2026-07-04T22:30:14,UPI,RTNV8442464884997
935,153,395,60126.25,2026-08-22T06:35:21,NEFT,LOFR5759582819022
936,135,234,443692.25,2026-07-03T14:58:59,NEFT,OXSO8912488397170
937,62,471,396401.99,2026-07-28T13:09:31,CASH,YSQJ4514367286811
938,90,8,362432.03,2026-07-14T09:05:29,CASH,XGUA3885681193978
939,446,454,278766.66,2026-07-04T10:23:30,IMPS,IKSA0992177905528
940,12,360,31735.59,2026-08-06T23:19:23,NEFT,NSGH5158807053260
941,111,34,188774.77,2026-07-08T11:40:47,UPI,DSHZ9103829742551
942,255,222,206270.88,2026-07-20T07:31:15,UPI,XNBS0858181045024
943,296,82,479718.5,2026-07-17T06:53:07,IMPS,WOGM1587366271358
944,364,145,101429.05,2026-08-23T21:36:27,IMPS,MSHG5390058561547
945,13,344,436008.59,2026-07-20T14:25:14,NEFT,CUKM6397925511643
946,354,230,497919.14,2026-08-03T19:58:12,UPI,VTBV2837727028966
947,448,289,217728.72,2026-08-05T11:31:02,CASH,AKHJ2816441610197
948,406,119,371288.73,2026-07-28T01:53:21,IMPS,UGKR4640510388027
949,187,46,228183.12,2026-07-17T11:06:59,CASH,AIEP6362814447189
950,279,84,450920.26,2026-07-19T00:13:15,CARD,SKZG0969067649092
951,277,75,319693.16,2026-07-13T11:54:20,CASH,QRYI9874551358727
952,90,298,233795.34,2026-07-08T15:45:10,IMPS,OIGA6881164034398
953,393,150,336361.71,2026-08-16T10:29:45,CASH,CQPG8775833364770
954,346,278,480697.07,2026-07-21T01:30:32,UPI,DHWA9091538602826
955,309,130,166468.76,2026-07-09T14:56:54,IMPS,LIZF0412319057720
956,331,239,269651.98,2026-07-22T18:11:54,NEFT,YICA0794193245381
957,456,22,459157.51,2026-07-02T11:06:52,NEFT,TPWT4122487098726
958,307,175,416023.34,2026-07-21T12:26:18,NEFT,SNGF2517422404326
959,436,409,488618.27,2026-07-06T08:44:40,NEFT,DRTB0346861630702
960,423,355,411739.34,2026-08-18T17:06:37,UPI,MOWU2020095366219
961,257,279,51997.28,2026-07-31T16:14:52,UPI,GNRS0057795001732
962,131,479,471150.7,2026-07-29T01:40:36,NEFT,ZSAA7397130722113
963,351,364,244641.08,2026-08-18T04:00:57,IMPS,MSBX8716722104546
964,375,429,274270.51,2026-07-07T13:09:46,CASH,PDSF8170744360234
965,268,337,109613.8,2026-07-25T03:31:54,IMPS,ZEFL2160252394120
966,384,209,493976.49,2026-08-22T07:45:33,NEFT,IJXO7269032655132
967,328,330,417191.2,2026-08-11T08:24:44,NEFT,NCUO9480245598516
968,367,1,484643.3,2026-06-30T06:49:17,UPI,EDDS1589126864986
969,254,74,347499.2,2026-07-21T11:21:59,IMPS,PRNZ8623760088447
970,124,387,412633.45,2026-07-21T19:33:55,CARD,AQXH7819190749921
971,327,50,95584.18,2026-08-08T03:11:12,UPI,JBBM9836923534848
972,16,152,92938.49,2026-08-08T02:52:03,UPI,IOBQ2139865462202
973,35,130,59564.57,2026-07-03T02:04:34,IMPS,FGXX7205503300008
974,339,207,298820.68,2026-08-16T01:49:37,IMPS,MHZJ6739190088991
975,199,192,214319.09,2026-07-08T11:10:03,CARD,IDMZ0091692327379
976,471,245,296708.76,2026-08-17T07:58:07,CASH,YSXO9060854818674
977,17,256,15617.06,2026-08-03T09:45:54,CASH,HBBA9984336113711
978,441,409,269554.75,2026-08-16T12:03:59,UPI,CKCV9854582942034
979,217,353,440329.81,2026-06-27T20:31:38,CASH,CLGK3466075699944
980,14,195,243775.46,2026-08-22T04:38:42,UPI,WIMN7201082402818
981,244,130,41574.04,2026-07-11T11:08:43,UPI,EUHQ7940262085817
982,233,195,120765.18,2026-07-22T03:09:59,CASH,WKEO3536423570041
983,18,166,388604.17,2026-07-12T04:04:08,CASH,TDYR2851816125590
984,111,315,5245.95,2026-07-24T12:55:09,NEFT,VMDB0792304660012
985,304,442,14215.05,2026-08-20T05:00:00,CARD,HQEO1012329615120
986,228,36,231643.67,2026-07-22T08:47:13,CARD,RWLA7665344604227
987,199,411,326885.79,2026-08-06T08:43:41,UPI,HUJM0191530573472
988,130,300,258416.49,2026-07-21T21:05:31,NEFT,HLRN1768225127267
989,462,232,81456.82,2026-06-27T01:18:54,IMPS,QMNW6562241976878
990,308,170,343435.0,2026-07-22T20:36:08,UPI,ZTJP7129035006184
991,102,247,2945.68,2026-08-14T06:57:18,NEFT,SPJE2354340466821
992,396,193,91420.63,2026-07-11T07:54:09,IMPS,CKZU6495254920644
993,444,350,246726.19,2026-07-05T05:23:40,CASH,YDDV9738818273063
994,414,359,58133.16,2026-07-26T11:11:33,NEFT,HKVS4882188496806
995,72,68,473341.55,2026-08-05T00:32:52,CARD,IYAL1102125434123
996,13,225,397189.24,2026-06-29T12:46:03,CASH,DWMB4986037218600
997,11,363,346936.66,2026-07-16T08:39:05,CARD,FBWG1978999011400
998,55,215,139523.21,2026-07-17T01:28:38,CARD,JPDH1719786016259
999,360,217,43712.75,2026-07-01T15:08:53,IMPS,XQID9478550113753
1000,244,206,121691.66,2026-07-29T11:22:02,NEFT,QFWD0728878072790
1001,62,13,285253.27,2026-07-18T16:43:11,NEFT,ODND6088197223996
1002,229,338,186721.1,2026-07-21T02:04:50,IMPS,PPYD8375307681024
1003,245,35,328165.72,2026-08-18T19:08:53,CARD,AVXW8557800244323
1004,212,60,116200.92,2026-08-04T01:30:06,NEFT,FFDM9069685746706
1005,154,69,195415.81,2026-08-08T15:32:18,IMPS,VVLC6913952150164
1006,31,262,56465.02,2026-07-10T18:47:49,IMPS,MCAP0335084243198
1007,300,447,405749.72,2026-07-18T06:04:47,IMPS,SEJR4813004169105
1008,472,125,400632.52,2026-07-18T21:13:47,NEFT,BEDL1675864633953
1009,340,244,107139.83,2026-07-26T18:29:52,NEFT,RCCA5014764278961
1010,199,284,270747.28,2026-07-27T18:15:49,UPI,PHRK5128177512395
1011,75,342,254982.96,2026-08-20T07:51:55,UPI,PQDK5426097236024
1012,245,263,36387.79,2026-07-25T02:33:37,NEFT,NYXL4677205171073
1013,127,321,419901.5,2026-07-02T14:57:24,IMPS,QODL6478370317543
1014,481,116,203255.09,2026-08-17T03:38:36,CASH,AYFO4148572602925
1015,22,446,197374.96,2026-07-21T21:17:42,NEFT,YYMV8627288407664
1016,344,372,195449.04,2026-07-09T21:37:40,CARD,AOUM3271353867625
1017,429,444,453763.2,2026-08-24T07:17:49,CASH,EGQN8790604886932
1018,315,487,444383.2,2026-07-02T06:32:27,NEFT,WKYL3405089273961
1019,124,307,248617.03,2026-07-28T11:18:28,UPI,TONI0535670789775
1020,222,308,33260.35,2026-07-30T02:39:52,UPI,IFNC9038422736273
1021,361,457,386481.74,2026-07-14T04:31:04,UPI,BWFF2711175769171
1022,190,143,232307.1,2026-08-06T17:59:04,IMPS,FBYJ2985144869830
1023,156,429,163611.17,2026-08-02T01:48:58,IMPS,FDNS0392202698014
1024,438,486,243944.98,2026-07-14T14:07:25,CARD,VMIP1068017703163
1025,356,287,302641.89,2026-08-08T22:54:42,CARD,YBKV0049332672446
1026,71,241,345742.9,2026-08-21T18:18:59,IMPS,HDZO2947638083906
1027,273,265,31560.89,2026-07-28T06:00:20,IMPS,IBFL9985193932727
1028,479,139,297257.47,2026-07-14T04:19:53,NEFT,RCFS1635049602667
1029,161,475,453618.09,2026-08-04T01:12:08,CARD,UKFO2845397499507
1030,98,179,96004.09,2026-06-26T17:48:20,IMPS,QRNJ0675602080192
1031,266,347,132028.68,2026-08-23T10:58:39,CASH,BFFY1543904489093
1032,343,338,306565.56,2026-07-13T12:25:02,NEFT,FLGH3202351025550
1033,411,395,95064.03,2026-07-07T17:00:06,IMPS,TXHK4503698884393
1034,365,278,102311.8,2026-07-20T12:46:23,CASH,GFJH6296208059831
1035,298,267,362323.89,2026-07-08T22:50:09,IMPS,ZIYI1290759659992
1036,327,127,394993.52,2026-07-02T03:59:42,IMPS,DEHP6317749542106
1037,94,455,248528.15,2026-07-14T09:09:17,NEFT,TYIU1937591922671
1038,201,248,466248.71,2026-07-18T22:16:16,CASH,DPLH6264752864612
1039,276,175,303031.28,2026-06-29T03:40:25,IMPS,TNDO3009928452403
1040,64,495,275386.64,2026-07-12T19:47:09,CASH,WDCL3550514321914
1041,2,35,467067.59,2026-07-19T18:30:12,CASH,VBQO7972479254221
1042,233,479,291833.45,2026-08-14T09:33:52,IMPS,RHWI5819204877067
1043,262,291,132924.03,2026-08-02T19:04:31,CASH,SGGH2998651590257
1044,322,251,238236.44,2026-08-18T09:31:43,CASH,VJNI0858588382567
1045,161,62,61546.01,2026-07-09T18:59:32,UPI,MZFA8467292543551
1046,22,434,53820.07,2026-08-22T13:01:41,CARD,MFRF2250182562472
1047,138,66,462881.33,2026-08-19T07:49:33,CASH,NGSY4201223414992
1048,105,21,283327.01,2026-08-23T08:38:48,UPI,AZAT6627026604509
1049,58,173,359814.02,2026-07-31T18:22:52,IMPS,NGFC7400391019335
1050,221,124,309194.12,2026-07-16T04:21:21,CARD,RTFE2471193600608
1051,385,137,176840.36,2026-07-10T15:00:34,NEFT,OPVB5646160762643
1052,78,12,158427.23,2026-08-16T17:29:46,NEFT,WLAA9537234617623
1053,88,413,191697.67,2026-07-07T11:52:48,CARD,GGZN1094416423165
1054,316,9,45679.76,2026-07-23T11:39:12,CARD,JDXG7277685760634
1055,499,139,62369.18,2026-08-24T08:50:32,NEFT,JFTB4617551887017
1056,433,209,229807.36,2026-08-25T10:41:06,NEFT,SGFJ2024837444172
1057,457,89,139807.39,2026-07-17T22:50:22,UPI,ILNY5386947902548
1058,123,344,289860.82,2026-08-01T13:59:36,CARD,XHMY2689047238641
1059,435,198,116167.15,2026-06-27T20:38:34,UPI,ATKH8557421643599
1060,210,365,75277.73,2026-06-28T05:46:00,CASH,ZBSY3781460476143
1061,436,315,11610.99,2026-08-09T22:07:33,IMPS,QQII3706618756467
1062,106,452,218381.48,2026-07-09T10:35:55,CARD,VMYH6815418589900
1063,176,275,307857.35,2026-07-11T04:01:37,CASH,OPWF9108450786043
1064,311,106,351757.85,2026-07-31T23:07:18,CARD,NYNB5033746983306
1065,429,358,84273.99,2026-08-12T14:03:25,CASH,UOVG0671822266794
1066,107,112,202610.63,2026-07-04T13:52:39,NEFT,TAYQ7886538590673
1067,367,149,189784.09,2026-08-21T06:49:35,CASH,NGJV2898760550492
1068,492,13,281698.23,2026-07-10T04:22:01,UPI,DWOB4861867066320
1069,232,366,194496.05,2026-07-03T10:57:16,IMPS,MYFS0739928919827
1070,185,196,218202.3,2026-07-08T08:05:30,CASH,RENW5337170864942
1071,466,218,127537.37,2026-08-05T00:43:08,NEFT,SJFA3983135490145
1072,138,188,130003.56,2026-08-20T14:22:29,NEFT,TNOA6921958730549
1073,87,113,322539.97,2026-08-17T04:38:06,CARD,FIHR8430217816780
1074,272,415,18243.02,2026-08-03T04:46:15,CASH,UMUI3158901649281
1075,187,25,45077.25,2026-07-28T14:05:38,NEFT,AGOY0170926407030
1076,48,316,25127.53,2026-08-15T12:15:58,UPI,URBQ1726282968244
1077,269,478,74599.77,2026-08-16T19:29:24,NEFT,KYAV0728895927411
1078,440,224,457989.84,2026-08-06T08:41:47,NEFT,RANS1961276620808
1079,210,160,33482.77,2026-07-09T15:28:52,UPI,AHTD7026344435962
1080,318,27,391572.06,2026-07-21T06:11:57,NEFT,KQVP0120424253690
1081,148,281,211689.68,2026-08-22T12:56:45,NEFT,CEHO5302849760396
1082,121,9,97772.96,2026-08-09T06:23:38,UPI,AEYJ3652405536481
1083,35,396,408663.15,2026-08-17T09:57:47,NEFT,OZLY4036488215977
1084,274,64,276763.98,2026-07-20T20:09:05,IMPS,QLIW6623236066799
1085,371,92,466081.84,2026-08-17T00:59:40,NEFT,NJSC2594972204298
1086,403,5,85980.09,2026-08-03T06:08:19,IMPS,FFNS9206661799623
1087,263,417,252304.42,2026-07-30T03:48:28,UPI,MTST2998335876887
1088,202,70,234586.54,2026-08-13T18:55:00,NEFT,OTFL6041348208493
1089,124,442,183658.71,2026-07-05T23:20:47,IMPS,KGTQ3912260001440
1090,237,126,355133.57,2026-08-10T23:17:27,NEFT,METX1430491341038
1091,83,328,21232.54,2026-08-21T12:07:03,CASH,PKEU8720998656422
1092,70,1,264493.64,2026-07-25T12:11:24,CASH,AKTW2082353097669
1093,347,387,270780.33,2026-07-06T14:51:49,CASH,TIRT6298056820175
1094,456,269,323711.89,2026-07-20T13:42:32,CARD,UAOT6618695724043
1095,182,403,359206.09,2026-07-26T12:39:43,CASH,PIDW2531379561007
1096,385,129,203898.38,2026-08-13T06:42:22,CARD,PGUF1750361920259
1097,440,256,18304.7,2026-08-22T08:53:43,UPI,TXCS3873370342444
1098,308,189,57856.54,2026-08-09T05:40:57,CASH,JRTA4760786235107
1099,196,193,12035.54,2026-08-05T20:05:29,CASH,KCYY9170851732895
1100,102,385,217825.22,2026-07-04T07:17:39,NEFT,ILMG4091858055811
1101,231,443,379402.22,2026-07-27T20:22:09,NEFT,OIIW9653916077004
1102,333,407,122321.44,2026-06-27T18:49:31,UPI,SHZA4541840398221
1103,462,117,126534.68,2026-08-18T01:53:58,CASH,AVGS6620385886407
1104,239,365,441203.48,2026-08-17T13:12:05,CASH,RAEM5295164693335
1105,67,213,122758.47,2026-08-06T05:22:36,NEFT,EGBG9744088067089
1106,460,328,147779.5,2026-08-19T21:37:01,UPI,PBTF0199184311326
1107,180,239,443534.56,2026-08-02T10:36:48,CASH,DDKR4858052632119
1108,40,307,410565.0,2026-08-04T20:10:54,CARD,BJOZ2205397077454
1109,245,21,434327.66,2026-07-25T10:49:32,CASH,PXWZ0823171461995
1110,35,181,155239.85,2026-07-20T08:45:34,CARD,SINZ7662623596053
1111,85,6,73054.92,2026-06-28T00:11:18,CARD,EXMC8402578703686
1112,139,31,109425.03,2026-07-01T09:17:59,CARD,KBMH0663605028164
1113,191,13,167087.06,2026-06-27T11:09:02,CARD,TRSD0390912030252
1114,236,178,142535.09,2026-06-28T22:46:54,UPI,TIKF3759795319260
1115,411,265,441778.16,2026-07-01T11:54:37,CASH,TWRN0275745449205
1116,222,391,333193.38,2026-07-24T10:30:29,CARD,XRTJ4538118081896
1117,374,384,33737.86,2026-07-30T11:03:01,NEFT,ULQG4456622952179
1118,478,423,330342.07,2026-08-13T18:00:23,CASH,BKWN6036162486070
1119,375,370,72061.34,2026-07-25T10:58:52,NEFT,OUEY6602351585015
1120,48,316,197260.26,2026-07-16T00:17:27,UPI,VACO3167156058790
1121,23,156,66557.72,2026-08-01T22:36:25,CASH,EFIJ1339547940645
1122,292,100,412978.47,2026-07-17T10:39:09,NEFT,DVZK7905719189866
1123,219,281,495214.1,2026-07-25T20:19:44,NEFT,WMSG6561833597487
1124,1,34,18826.75,2026-08-04T03:11:42,CASH,RALV7023771843019
1125,403,34,457575.5,2026-07-14T16:58:31,NEFT,FATL6733329732396
1126,474,345,40076.77,2026-07-24T18:07:05,CASH,IBFR2532676992427
1127,416,461,363988.16,2026-08-11T15:34:22,IMPS,HTWF3852023209140
1128,436,241,129115.87,2026-07-03T00:32:23,CARD,NTGH2844234719982
1129,281,456,371081.46,2026-08-24T17:28:12,IMPS,AZVP5515452607569
1130,270,80,417695.79,2026-08-24T20:22:07,CARD,TCGR3100643322622
1131,267,350,296965.78,2026-08-13T12:41:50,NEFT,OOOG3168066470703
1132,116,418,241749.64,2026-08-19T21:54:09,IMPS,LBHM0595298424107
1133,482,261,486383.3,2026-07-25T13:43:38,CASH,XBEP4067582676259
1134,27,488,400856.73,2026-06-26T22:06:57,IMPS,NFAB3638564614974
1135,55,422,111890.24,2026-07-27T06:37:19,NEFT,TPUS3183997984914
1136,451,490,452596.81,2026-08-23T19:38:46,UPI,WQNB9955049326643
1137,358,278,206381.25,2026-07-09T01:42:36,CASH,EXHS4612128981159
1138,215,291,40656.49,2026-07-24T16:18:09,NEFT,RKHI0012762239847
1139,320,247,331474.88,2026-07-25T19:55:32,IMPS,FUFK6787188822378
1140,475,456,203021.76,2026-08-18T16:49:57,CASH,UPBK8416806134956
1141,79,213,15394.7,2026-07-26T09:23:06,IMPS,OXST8460586794963
1142,61,158,439565.01,2026-08-18T06:26:28,CASH,HATO2361080926166
1143,476,491,107092.88,2026-07-09T13:00:36,CASH,ADNK5578645786555
1144,435,121,305325.3,2026-08-13T14:29:24,NEFT,LDFI7640006875868
1145,173,82,296763.68,2026-07-09T13:54:17,UPI,JVBL1665451224441
1146,52,43,368741.36,2026-08-15T10:12:12,NEFT,STPJ0233868608357
1147,277,220,46248.29,2026-06-30T18:06:07,NEFT,XCOA3630944238602
1148,27,2,16439.04,2026-07-01T01:51:04,IMPS,ZWKX0898309413490
1149,432,188,459049.98,2026-08-22T09:01:09,IMPS,YNUC9797972452841
1150,342,293,82694.26,2026-07-17T01:13:01,IMPS,LMTI8045073567480
1151,170,52,291473.47,2026-08-21T07:44:55,UPI,KPUU3940598026029
1152,315,1,96204.85,2026-07-21T01:17:22,NEFT,IEUZ0315892584907
1153,460,201,245231.01,2026-07-15T06:01:38,IMPS,JEBH1977748675951
1154,304,150,263091.14,2026-07-26T15:56:42,CARD,CQNX4823088295868
1155,146,455,426212.48,2026-07-23T12:39:35,NEFT,DSNF3326058694276
1156,330,398,48150.48,2026-08-12T08:16:30,CARD,JQGD7306629315181
1157,115,353,196757.4,2026-08-11T04:43:02,IMPS,RQEJ2655946989062
1158,341,84,405154.37,2026-07-19T13:23:09,IMPS,EOXE3717989022379
1159,488,261,326779.36,2026-07-02T04:23:46,CASH,BWZY6548708477954
1160,215,414,397149.33,2026-07-03T12:59:20,IMPS,UZON7553981889073
1161,342,168,230697.25,2026-08-10T14:48:20,NEFT,QCLS1579089458962
1162,19,41,437583.3,2026-08-05T00:09:51,NEFT,RGQI8876380207612
1163,56,230,361412.59,2026-07-19T18:34:45,IMPS,SMVD2190518812988
1164,395,171,289677.23,2026-08-03T06:10:24,CASH,UZYD8207066901079
1165,223,210,322191.08,2026-07-09T11:57:14,CARD,HPYE9826893348649
1166,374,301,354584.47,2026-08-09T18:39:20,CASH,BHWK0675789683355
1167,336,18,195458.06,2026-08-08T23:56:37,IMPS,AZPO3123155505705
1168,34,26,426548.48,2026-07-09T00:21:25,IMPS,UCQP9938444045883
1169,200,96,231805.62,2026-07-06T20:22:34,CASH,CJCJ7012350368715
1170,402,364,224861.16,2026-08-03T21:29:59,IMPS,YRTC0977978023445
1171,382,495,329236.57,2026-08-07T01:56:51,CARD,QJIN7940366401632
1172,445,359,434600.16,2026-08-25T05:13:59,NEFT,KPGY7831597572927
1173,489,129,243498.41,2026-07-19T08:37:13,IMPS,DQMR3029158542332
1174,76,22,120087.69,2026-07-25T19:43:37,CARD,CMXL1854839660734
1175,254,491,101207.47,2026-07-25T00:02:22,NEFT,ZMPW4621595841749
1176,214,20,315805.83,2026-07-07T20:13:23,IMPS,NCOA5022181698141
1177,410,315,1468.38,2026-07-18T19:35:00,CASH,ZYJI7609483774029
1178,396,423,100936.44,2026-07-08T20:37:15,NEFT,RMJV3302650996218
1179,171,349,368299.08,2026-07-14T23:57:49,CARD,NMOO1966661025634
1180,141,272,264414.71,2026-07-13T13:41:00,CARD,ZBEZ2234998013768
1181,314,475,217525.34,2026-07-18T02:45:40,UPI,NPLT0177915244614
1182,233,494,273606.88,2026-07-25T04:59:59,CARD,ATFG3517465642601
1183,387,234,166369.44,2026-08-19T01:06:11,CASH,MHPY2631995695592
1184,302,322,31492.95,2026-07-14T10:12:57,CASH,PVOM4149003850255
1185,476,238,304419.35,2026-07-02T20:32:55,NEFT,XXGZ4448672288390
1186,473,162,111527.48,2026-07-25T21:08:05,IMPS,PYHH1454615749325
1187,154,457,19451.37,2026-07-05T16:42:14,NEFT,DIWZ9788795312040
1188,343,464,197466.81,2026-08-22T07:20:38,UPI,KJHO7661830858001
1189,272,286,119566.09,2026-08-17T17:14:42,UPI,PHCJ3915114367862
1190,221,25,401215.35,2026-07-06T18:32:42,IMPS,ZAPZ8187109685642
1191,275,417,8270.07,2026-07-28T18:59:22,IMPS,YOBN8026933154230
1192,394,308,248368.14,2026-08-04T22:26:01,CARD,BBFG0286550522411
1193,110,274,143849.81,2026-07-24T18:32:17,UPI,ZEAM6701514599201
1194,438,121,194574.36,2026-08-04T16:43:37,IMPS,NHGX8222240053922
1195,91,280,7204.26,2026-07-13T18:49:14,CASH,BLME0190113484339
1196,41,169,473294.62,2026-07-06T11:53:24,UPI,GHUF5286132394564
1197,51,67,365535.19,2026-07-29T01:01:12,NEFT,EGJF8644976024986
1198,337,150,207846.27,2026-08-07T09:02:51,CASH,GIFX0953677349852
1199,105,374,48892.39,2026-08-11T12:04:38,IMPS,HLMY1526655914762
1200,159,278,319547.4,2026-08-01T14:00:50,UPI,ZHUQ0966414753369
1201,80,448,468557.7,2026-08-01T16:39:57,NEFT,FJOY4665353896298
1202,34,399,379248.1,2026-07-29T14:35:55,IMPS,XHEJ3679241571276
1203,495,92,225700.67,2026-07-15T18:23:27,UPI,XURH5434685863906
1204,257,393,267342.48,2026-07-06T12:26:52,CARD,MXRE4979399816153
1205,63,247,139222.45,2026-08-14T05:46:38,UPI,CDMZ8371030737260
1206,183,404,88281.63,2026-08-11T11:13:17,NEFT,WFYY0148967808264
1207,280,484,9211.95,2026-08-21T09:37:19,CARD,GDED4639476254292
1208,412,497,43303.46,2026-08-03T09:58:50,UPI,WJLY6339172994036
1209,84,75,261091.15,2026-08-21T06:51:52,CARD,IQVC1266497196706
1210,100,246,378681.45,2026-08-19T03:42:33,IMPS,HGKH9101612590163
1211,16,175,396353.39,2026-08-20T19:16:53,CASH,TIXS0133344376734
1212,54,414,405923.53,2026-08-17T11:34:21,NEFT,ZDJB9841016793014
1213,86,98,241763.22,2026-08-18T13:01:44,CARD,CDMA4991004202886
1214,383,358,496511.82,2026-08-06T04:08:31,NEFT,DMRB1990342134854
1215,428,337,390404.68,2026-08-19T10:15:53,CARD,IEBG5316079179138
1216,395,235,321299.44,2026-08-02T18:58:04,NEFT,BCKZ7117132194024
1217,461,146,1960.5,2026-08-10T17:30:44,IMPS,VAFQ8141128745271
1218,9,341,324393.54,2026-08-24T16:13:17,CASH,GNPQ5764639138107
1219,384,429,157653.57,2026-07-25T23:24:27,CASH,TDVM1942321540131
1220,44,69,297364.78,2026-07-29T06:17:01,CARD,GKBN9626168455252
1221,393,60,236767.56,2026-08-13T22:12:58,CARD,XJCA2547179899488
1222,283,372,59964.55,2026-07-31T12:44:45,UPI,NMTJ8993005195675
1223,403,428,123094.18,2026-08-04T16:56:55,CARD,GLLY8422717266256
1224,421,218,429342.59,2026-08-01T07:33:03,UPI,AIMA7001441306862
1225,481,154,499201.71,2026-07-21T23:53:51,IMPS,BZWQ7100668904172
1226,418,195,140405.97,2026-08-17T18:08:33,CASH,EAPN2381152232822
1227,39,500,37648.32,2026-07-13T16:13:50,IMPS,REJA8475283599940
1228,379,154,13171.28,2026-06-26T19:28:45,IMPS,ICBX8479135113505
1229,168,95,434765.49,2026-07-15T13:05:16,CARD,KYOE2892064157809
1230,309,307,181329.83,2026-08-10T18:30:58,UPI,QHAE8010419453419
1231,500,136,159224.03,2026-07-29T00:13:38,UPI,YEZY8144786742802
1232,94,296,400205.76,2026-07-04T22:32:46,NEFT,UQVR9306357803789
1233,26,142,380341.14,2026-07-07T21:23:52,CARD,VEDH9743699055855
1234,468,440,356435.66,2026-08-13T13:13:06,CARD,ZLSS4084290696904
1235,446,354,453169.07,2026-07-31T13:40:24,IMPS,EQTZ8606106567337
1236,52,459,465400.6,2026-07-23T05:28:14,IMPS,LOBC6527613681498
1237,471,450,328982.97,2026-07-02T08:59:30,IMPS,ELHU0843769929644
1238,380,27,47248.05,2026-07-25T22:32:31,CARD,OYPF5084232423480
1239,3,55,21358.17,2026-06-29T18:49:52,IMPS,ICOW2415536915855
1240,208,278,79487.59,2026-08-10T04:56:31,CARD,JSAM2796024257033
1241,459,407,167098.01,2026-07-18T04:53:44,NEFT,VETZ5945231582863
1242,333,471,433359.43,2026-07-01T03:52:26,UPI,IAET6629917217429
1243,241,112,63418.04,2026-07-10T03:59:02,CARD,EAJC6782153926693
1244,123,209,261535.26,2026-08-11T18:55:52,IMPS,AMHE5031392804850
1245,296,407,420935.91,2026-07-14T15:25:58,CASH,EBND9019333593797
1246,281,122,105582.66,2026-07-04T21:57:50,CASH,TBAB0295616225647
1247,99,423,172199.51,2026-07-02T21:35:03,CASH,QXLL9407992304532
1248,499,303,289208.01,2026-07-19T10:30:40,IMPS,CMUU7781456474370
1249,128,316,62411.94,2026-07-08T04:03:52,CASH,TJYL3911776665052
1250,131,332,826.17,2026-08-11T09:49:32,UPI,UYNC2092815780619
1251,208,303,126542.81,2026-07-02T11:59:34,NEFT,EEHC1678706763532
1252,296,95,290144.04,2026-07-11T08:43:28,NEFT,GVPD8592126848563
1253,68,365,499072.67,2026-08-14T00:51:14,UPI,CCJE9430003753989
1254,375,37,66567.74,2026-07-11T02:30:44,NEFT,HWWC3246598669327
1255,142,492,1508.55,2026-08-17T15:59:05,NEFT,WIDP8376591538201
1256,368,57,6978.58,2026-07-06T05:40:32,UPI,YIVA6526642673512
1257,175,106,73579.08,2026-08-13T01:15:11,UPI,FIKL3375656976487
1258,445,189,205622.31,2026-08-15T07:54:47,CARD,JSNF2494510462506
1259,349,141,100854.32,2026-08-21T20:41:56,NEFT,ESNK6851206276729
1260,106,200,434988.54,2026-07-19T03:42:44,NEFT,XKWA9793442129146
1261,251,486,24561.82,2026-08-01T17:32:48,UPI,AFEZ3477804579725
1262,222,238,390718.4,2026-07-07T23:16:56,UPI,QJWU0703398214782
1263,384,235,101999.56,2026-07-20T06:44:35,UPI,GOUX2094516767063
1264,452,148,139736.11,2026-08-05T04:50:45,CASH,UHVE8630112200848
1265,394,8,381340.4,2026-07-22T17:56:39,UPI,EMIY8333679608289
1266,301,233,322160.58,2026-08-05T01:17:36,CASH,PXXU1360549469208
1267,103,353,419750.04,2026-08-01T15:44:15,CASH,NISW0132495193500
1268,139,83,219120.83,2026-07-04T04:56:12,NEFT,DKJM1758080388904
1269,9,400,243002.69,2026-07-21T11:19:25,NEFT,UCBJ0431566851353
1270,486,283,466994.73,2026-08-16T09:51:04,UPI,UUDI8374755803090
1271,138,370,127480.11,2026-07-06T16:44:17,UPI,MQKM4717784019027
1272,140,442,399750.72,2026-07-06T15:48:06,CASH,MTQW8371611586686
1273,11,33,442415.83,2026-07-07T15:22:19,NEFT,CSSP6759833261705
1274,461,145,122222.67,2026-06-29T09:54:58,CARD,KRGL3458195657285
1275,439,315,462222.89,2026-07-20T15:49:36,NEFT,LHHS9824266217758
1276,322,255,1785.08,2026-06-30T21:24:21,UPI,CVKR4668793030285
1277,168,394,276980.81,2026-07-16T13:00:56,CARD,FOFP6698345150252
1278,175,1,93767.2,2026-08-15T23:10:29,IMPS,LJND3087308972073
1279,370,392,348043.86,2026-08-19T15:02:51,IMPS,WFPZ7771184252786
1280,301,103,334951.16,2026-07-15T22:49:37,CARD,AYTB0712102423447
1281,290,289,190022.77,2026-07-17T17:12:19,CARD,VBLX7771961997165
1282,101,456,22997.14,2026-08-24T21:40:42,IMPS,NLYM6764099683344
1283,183,242,266289.74,2026-06-28T05:56:24,CASH,ATWL2242653793221
1284,117,82,51685.89,2026-08-21T22:42:18,NEFT,CYIH9070547360157
1285,119,211,102559.18,2026-08-22T15:41:18,CASH,DCKB1016260080265
1286,274,379,340512.28,2026-08-20T02:35:38,CARD,SWGV4759783354883
1287,226,368,369038.43,2026-07-31T11:02:29,NEFT,PCTF1496791463866
1288,190,13,459109.91,2026-07-24T05:23:04,CASH,VHZE0317266528246
1289,62,144,444911.8,2026-08-17T23:47:55,NEFT,KISF7240002086014
1290,48,175,305925.84,2026-08-02T06:55:37,UPI,ZAKC9085432716303
1291,413,129,268491.85,2026-07-19T10:50:05,NEFT,KNUG6930100090899
1292,23,244,270583.46,2026-07-19T11:35:26,UPI,CROQ1048028354158
1293,475,432,496129.25,2026-08-23T22:53:45,CASH,YFTV0930437661366
1294,455,170,251899.86,2026-07-13T05:31:19,NEFT,RUAQ1226815947470
1295,474,295,213610.15,2026-07-30T10:10:09,IMPS,WHCC0583309673979
1296,479,183,278187.8,2026-08-14T14:30:14,NEFT,JEDR9142693765016
1297,14,379,313640.5,2026-08-12T20:31:22,UPI,NPWD8776288363688
1298,342,141,411174.78,2026-07-31T09:35:35,NEFT,ACXU6276292266678
1299,378,24,98008.44,2026-08-15T16:13:49,NEFT,ASWW3761652289890
1300,102,68,30731.45,2026-08-10T17:12:26,CASH,JSSH5981255977726
1301,116,317,59026.33,2026-07-28T00:27:32,NEFT,TPMJ0838580501417
1302,188,322,380570.19,2026-07-07T07:18:15,CASH,YMKP8939129565188
1303,79,353,450588.13,2026-08-08T13:00:55,CASH,CUDJ8600500924492
1304,194,4,17661.24,2026-08-16T10:48:42,NEFT,ORPL7030293011250
1305,351,432,54351.36,2026-07-02T21:09:33,NEFT,UQMU0742906952223
1306,109,38,54309.02,2026-07-15T00:57:14,NEFT,NTGD8062007302426
1307,359,417,356877.14,2026-08-06T19:14:35,CARD,EIWZ9753740571446
1308,453,347,450466.84,2026-08-23T16:53:43,CARD,LNVY7406873544534
1309,461,493,492205.32,2026-07-28T18:08:44,CASH,XCIM6886583483483
1310,81,425,266470.61,2026-07-30T23:25:49,CARD,URNU2673664853207
1311,111,489,86150.29,2026-08-11T14:05:31,CASH,LQPA8943269834436
1312,143,162,107152.14,2026-08-23T15:44:01,UPI,WKRB5045050928467
1313,101,208,386301.78,2026-07-12T17:23:05,CASH,XABO3429390773729
1314,475,47,57762.22,2026-07-27T05:51:19,NEFT,IUZL0380162585150
1315,462,28,350164.76,2026-07-09T13:35:06,UPI,WWUA4502814353127
1316,287,246,324862.67,2026-08-23T14:42:47,NEFT,IYVV3379531112359
1317,28,266,437911.96,2026-06-29T12:29:58,NEFT,IFML2742866251085
1318,124,465,429165.75,2026-08-13T20:01:50,CARD,HQGR5545146091935
1319,453,38,276183.42,2026-07-05T18:58:08,IMPS,CPVJ5553706272816
1320,269,276,130643.98,2026-08-09T22:09:54,CARD,GHOI6121575626412
1321,70,424,213917.58,2026-08-06T21:12:05,NEFT,AQIQ1876209906931
1322,72,412,349417.88,2026-08-24T06:45:00,UPI,NHAZ3995167045059
1323,266,76,35810.47,2026-08-22T23:40:43,CARD,REEV6731234388804
1324,42,378,230503.51,2026-08-14T10:24:41,IMPS,LCVJ2025936450282
1325,434,405,5863.65,2026-07-19T17:59:57,UPI,DHIE7557672991154
1326,397,341,431456.6,2026-08-23T00:22:16,UPI,AXJU4318343695310
1327,43,166,371124.8,2026-07-11T21:48:26,CARD,VSPP1150629179265
1328,42,43,240441.86,2026-07-02T22:08:44,UPI,OGFQ1629108739221
1329,225,402,323809.1,2026-08-23T07:54:23,UPI,RHMS1573767105298
1330,404,323,302474.9,2026-08-09T11:53:49,NEFT,PAOU4599153044500
1331,181,161,57667.26,2026-07-13T22:16:16,CARD,AEYU6838789034502
1332,331,149,130475.95,2026-08-23T09:38:02,UPI,KQMO6030409346754
1333,280,417,334104.97,2026-07-03T08:48:32,CARD,RWXE3688101382721
1334,245,148,455135.77,2026-07-01T09:24:54,UPI,YKDH3460184220138
1335,78,90,144559.7,2026-08-18T18:51:24,CARD,FLZH2083168163603
1336,404,22,234490.31,2026-08-17T20:52:27,CARD,SVVV1736907894767
1337,223,240,299645.9,2026-07-14T13:39:48,UPI,BBAL2141070716348
1338,339,134,189010.08,2026-08-01T03:24:58,IMPS,ZAZU8951237085119
1339,46,186,137612.15,2026-07-04T12:03:44,NEFT,TIZU4545697296556
1340,208,194,117977.31,2026-07-07T20:10:28,NEFT,TFON7137718862639
1341,409,138,495334.7,2026-07-31T02:13:50,IMPS,MDEX6678305573713
1342,339,26,410806.95,2026-08-18T13:11:04,CARD,QPXJ0223461446627
1343,193,374,357172.63,2026-08-06T21:04:49,CASH,GXGA4117614215248
1344,28,209,205150.71,2026-07-18T16:52:30,CARD,DTMR6364704656896
1345,286,236,393282.96,2026-08-23T06:37:40,UPI,QPAG6883004837936
1346,396,320,476557.41,2026-07-18T17:27:18,CARD,WCYL9229127065934
1347,95,65,133978.56,2026-07-02T22:34:17,UPI,BIBM2911872282471
1348,476,63,126482.28,2026-08-16T00:53:14,CARD,GACR1796075789849
1349,64,456,264691.89,2026-08-12T00:06:59,UPI,JSTO9905221711486
1350,134,321,481079.81,2026-07-29T06:50:02,NEFT,NLQX1898106173563
1351,281,486,440238.95,2026-07-05T21:10:23,NEFT,NGDF9755726169496
1352,265,100,381950.03,2026-07-17T20:15:47,CARD,PRQC1938999068201
1353,332,33,121189.37,2026-07-16T19:14:38,UPI,UAPC6753216336131
1354,73,357,338983.73,2026-08-11T08:08:11,NEFT,TQKI9004903729545
1355,268,293,333522.79,2026-08-15T18:35:00,IMPS,YKQH5639981274392
1356,209,153,121433.84,2026-07-10T19:30:55,CASH,KYKD7419258147621
1357,388,368,361152.51,2026-07-14T09:01:34,CARD,WGMZ0186399454138
1358,221,110,480390.75,2026-07-21T02:57:15,IMPS,KHDK6309307968590
1359,43,237,411036.26,2026-08-22T16:37:08,IMPS,NWVJ5987240899217
1360,485,324,177402.57,2026-08-12T15:00:29,IMPS,UYGK1668113397367
1361,388,149,21255.37,2026-06-29T11:32:42,CASH,PWED7340242224198
1362,404,118,184586.9,2026-07-18T23:19:45,CARD,ZZBN3236540181444
1363,350,96,479613.29,2026-07-13T00:24:03,UPI,JYRI2024350947651
1364,343,44,153933.96,2026-07-08T03:28:18,IMPS,VXQN1564099414753
1365,442,149,479989.85,2026-08-18T00:47:26,CARD,TWCG7054245190826
1366,259,470,386041.24,2026-07-04T01:47:10,UPI,VYCA3565942992023
1367,189,124,250534.82,2026-08-12T07:37:15,NEFT,MWMN9692295338619
1368,426,142,486240.81,2026-07-20T23:07:51,CASH,CCUR3909342424066
1369,313,426,336871.52,2026-07-13T22:29:17,IMPS,QXGI6334889334375
1370,20,149,28855.96,2026-07-06T15:22:57,IMPS,XQMN9408654243826
1371,123,105,104547.69,2026-07-09T15:40:19,IMPS,RKKA7435095288959
1372,100,425,293602.07,2026-07-23T02:14:02,UPI,PUAH9696453591765
1373,203,373,70793.9,2026-07-01T00:52:16,UPI,IODZ8830099542887
1374,47,49,227426.48,2026-07-17T07:05:34,CASH,IJXX9668667989947
1375,370,450,272234.52,2026-06-28T06:41:36,CARD,NWDO0690149711038
1376,500,102,45800.2,2026-07-21T23:58:27,NEFT,ZWOD5675665051886
1377,253,111,322049.71,2026-06-28T15:05:09,NEFT,VDMP4492343596985
1378,21,452,17475.26,2026-06-28T11:55:32,UPI,IKYA5669375402428
1379,490,43,305976.4,2026-08-07T21:14:44,CARD,CPWR9257140250385
1380,255,389,495711.84,2026-08-13T07:25:45,UPI,NXFY6481638493680
1381,237,492,203658.03,2026-08-03T02:26:09,CARD,GKQL3010127896951
1382,369,443,4290.14,2026-08-24T22:47:15,NEFT,UGAY4852775867036
1383,107,421,405362.52,2026-07-28T11:43:04,CARD,NEBG6344439468963
1384,55,172,56096.11,2026-07-19T06:32:28,NEFT,DRCV2335761707317
1385,429,306,6658.79,2026-07-25T22:54:46,CASH,ILOO6262636785089
1386,171,242,248726.09,2026-08-19T12:00:50,IMPS,TPPI7594434852953
1387,422,306,362416.34,2026-08-09T00:01:22,CASH,XOZI0376768740420
1388,470,2,340092.36,2026-08-12T07:00:00,CASH,NOLC4975341157330
1389,189,313,67049.76,2026-08-22T19:27:20,UPI,BZBU0940656582344
1390,40,160,404275.95,2026-07-30T00:40:06,CARD,HQZK6535232660004
1391,328,396,54517.18,2026-08-10T23:18:07,IMPS,ASXC1034956119989
1392,116,119,238725.71,2026-08-23T02:55:57,UPI,XMKC1815837466144
1393,301,72,203698.78,2026-08-11T08:32:59,NEFT,ONCQ6870479666829
1394,418,371,107871.24,2026-06-28T05:20:44,CARD,XLWE5659950891423
1395,259,76,225700.84,2026-07-19T04:02:37,IMPS,AXFS2764054739862
1396,173,215,127648.15,2026-07-11T18:58:16,UPI,CIBL1318660474733
1397,357,382,147044.8,2026-08-19T06:10:39,CARD,SCIO8524744203594
1398,275,209,21522.43,2026-07-24T01:38:39,IMPS,DAXV2387351866477
1399,323,11,168812.16,2026-07-26T01:13:37,CASH,DGCG5183025853465
1400,480,203,483147.31,2026-08-17T13:58:43,UPI,CLGT8852178955990
1401,266,356,373196.82,2026-08-21T17:46:02,CASH,QJWV1286558167592
1402,400,434,21175.04,2026-07-17T13:46:13,NEFT,RGDS3489180038146
1403,448,29,101670.79,2026-07-15T01:03:40,CASH,IEWT2421959730912
1404,204,453,409104.34,2026-07-02T20:00:32,UPI,QKEP3411461331555
1405,198,79,36432.44,2026-07-15T16:40:12,NEFT,BCKH0304407781109
1406,52,488,109380.18,2026-08-05T05:28:38,IMPS,LTRJ5576634541829
1407,183,27,254587.0,2026-08-23T01:38:03,NEFT,DENT9452064191061
1408,224,293,313226.51,2026-08-02T19:38:17,CASH,UMWT1008224216826
1409,218,391,451218.69,2026-08-14T13:37:04,CARD,EEVC7562699620834
1410,108,269,145271.37,2026-08-13T21:33:59,UPI,SZWC0059325722870
1411,60,124,277309.91,2026-07-16T05:23:30,CARD,FEAB7485972438712
1412,230,400,149290.28,2026-08-24T22:01:10,CASH,LCJK2058028606048
1413,442,342,368355.39,2026-06-29T11:18:18,CARD,FZFI0654747695090
1414,70,209,116950.35,2026-07-21T15:44:19,IMPS,CUQX9856643016556
1415,315,371,51327.12,2026-07-09T17:58:14,IMPS,HQRP8887656993136
1416,232,354,302880.46,2026-07-01T18:43:57,UPI,NUEE9011386047947
1417,260,189,290463.73,2026-07-04T10:03:15,UPI,YSTA3803514895382
1418,412,149,90970.84,2026-08-20T23:35:43,UPI,JJCS1479053472839
1419,366,232,291491.26,2026-07-31T11:37:30,NEFT,CXNP3095326708488
1420,207,388,286436.41,2026-08-04T21:53:33,CASH,UQXY6562925822828
1421,393,320,187996.41,2026-06-26T20:13:43,IMPS,YYDQ3235306885684
1422,426,283,379771.37,2026-08-06T16:45:06,CASH,PNUP8096458374495
1423,46,456,72676.01,2026-08-21T11:57:13,IMPS,PKEC3531755592897
1424,297,197,284423.72,2026-07-23T08:11:45,NEFT,RWOI1148626751199
1425,170,290,10734.56,2026-08-13T13:17:43,CARD,NIKH4965515641967
1426,455,159,396170.05,2026-08-17T02:02:25,NEFT,TNHX0093582016301
1427,489,90,54266.6,2026-07-28T11:05:46,NEFT,SPUU2242284834927
1428,151,400,484558.11,2026-08-02T17:35:58,CASH,NRBS8460180403348
1429,289,287,27480.78,2026-06-27T04:08:44,CARD,CKHO3586671554460
1430,359,12,236541.48,2026-07-30T04:30:05,CASH,HSEM0967462720536
1431,328,61,208910.06,2026-07-25T16:59:34,UPI,TSCD9285672850215
1432,329,227,108031.84,2026-07-27T20:25:08,CARD,XZUV3830775582126
1433,483,371,303404.86,2026-07-14T09:28:57,IMPS,NIGT5678446078907
1434,344,340,180964.68,2026-07-30T00:38:30,NEFT,CVZS9198177551294
1435,461,487,328663.86,2026-07-25T17:02:45,CARD,DZJT2531649828385
1436,388,9,490470.24,2026-08-21T01:31:18,UPI,PIOO6565907055494
1437,460,177,443652.63,2026-07-17T02:23:12,UPI,UJHY6877156922094
1438,73,462,305042.51,2026-08-25T03:41:05,IMPS,BPMW3415359771001
1439,16,282,392059.62,2026-07-08T15:14:54,CASH,KUIO7349431487225
1440,303,391,338309.44,2026-08-01T03:38:44,CASH,OQKM4135474168557
1441,339,137,275351.91,2026-07-17T11:07:28,CARD,TVKE3285558095794
1442,194,177,36494.8,2026-08-13T01:07:49,NEFT,LQDU6602841362334
1443,8,288,213034.31,2026-08-08T19:09:48,NEFT,AJAO1469714797341
1444,393,98,156915.97,2026-08-19T15:58:56,IMPS,LWKS5083745601703
1445,473,385,421669.59,2026-08-24T18:20:40,IMPS,MDAC7590017067949
1446,205,278,293846.84,2026-06-29T22:24:18,IMPS,PRNW9285516215938
1447,436,261,449507.05,2026-08-22T12:30:13,UPI,NOMV3536735589607
1448,427,492,376191.19,2026-07-02T07:08:36,UPI,OEER8341335139014
1449,4,342,217180.65,2026-07-15T02:11:11,CASH,BTOJ2749366357967
1450,465,454,499221.9,2026-07-02T18:14:28,UPI,WIQA3007356582608
1451,427,391,101109.13,2026-07-13T14:10:23,UPI,KFVN3794128866911
1452,343,99,167487.01,2026-07-08T22:40:24,UPI,VEGZ2142526119789
1453,25,485,263953.41,2026-07-10T22:25:14,CARD,KZTJ6574465325544
1454,332,143,314968.03,2026-07-04T02:31:35,UPI,DQDZ8513673805203
1455,440,378,226623.14,2026-08-19T08:10:00,NEFT,UURD9376841847146
1456,442,323,435933.14,2026-07-09T18:04:05,CASH,FACI8333540112728
1457,329,211,25244.56,2026-07-16T18:57:29,IMPS,MAGA8764770906761
1458,113,327,8507.27,2026-08-18T10:50:12,CASH,HYOM2950767162172
1459,226,227,195429.91,2026-06-30T17:52:09,UPI,JRQQ6804186930326
1460,366,483,69951.28,2026-07-25T13:24:19,CASH,UKZM4967419916053
1461,391,442,65101.39,2026-08-24T20:04:32,NEFT,VAMZ4909703425197
1462,177,10,46125.55,2026-07-01T20:09:43,CASH,DRCX5891368296707
1463,372,321,461422.17,2026-07-23T14:34:00,UPI,FDKH1936252602216
1464,83,290,300938.92,2026-08-21T03:54:13,IMPS,XYAR8754802933583
1465,12,204,337348.75,2026-08-14T13:40:57,IMPS,JGVT1065735174546
1466,35,497,101412.95,2026-08-21T09:47:01,NEFT,GYWW5102140128331
1467,46,480,465700.17,2026-08-21T03:50:02,IMPS,KLQU9799035971771
1468,367,477,172436.09,2026-08-12T20:46:50,CASH,WAGB5687094124605
1469,56,240,39667.5,2026-07-05T17:42:02,UPI,MIRZ3895337684187
1470,105,435,453828.2,2026-08-04T21:11:34,UPI,OOVN0064345973173
1471,41,309,189976.79,2026-07-01T00:25:06,NEFT,HHFI9675745104848
1472,385,217,256695.88,2026-06-30T21:06:51,IMPS,SJWO3181560542707
1473,68,240,286760.48,2026-08-23T09:24:55,IMPS,YSLS4761110797647
1474,193,63,223799.93,2026-07-31T20:07:51,CARD,JVXL6572897226934
1475,152,158,24687.19,2026-08-14T21:39:42,NEFT,KIVA3909846856066
1476,443,297,70511.48,2026-08-22T23:35:06,CASH,XTFU6138268709777
1477,151,262,408748.91,2026-08-08T07:29:48,CASH,TLOB3996263779271
1478,142,146,118330.1,2026-07-04T23:28:12,NEFT,BOYH5128962206824
1479,350,129,199239.95,2026-07-16T06:30:32,CARD,FHGV3023993446060
1480,56,475,231656.22,2026-08-02T08:55:14,CASH,SIWH0695235786529
1481,342,263,93405.5,2026-07-26T08:23:26,UPI,CEQK3700644885487
1482,427,83,439102.92,2026-07-29T18:13:52,CARD,HDDS8042554280537
1483,275,424,314169.99,2026-08-05T12:18:16,IMPS,YJEL5078688786020
1484,266,477,85892.65,2026-07-18T21:21:01,CARD,XSEF1317019586639
1485,175,377,392218.83,2026-08-21T16:15:38,CARD,VERZ7987287314249
1486,225,120,433305.11,2026-07-31T20:40:48,NEFT,ZNFS1796441603328
1487,448,422,438333.87,2026-08-19T17:41:58,CARD,QAPA0510287451202
1488,91,279,159288.97,2026-07-12T03:27:51,UPI,XWUY0175454164879
1489,174,118,224876.67,2026-07-10T00:50:55,UPI,VWCB4662750152697
1490,253,403,272344.72,2026-07-21T05:41:17,CASH,IFBH6078548330958
1491,207,349,59585.58,2026-08-13T14:12:27,CASH,EHWR3680601457923
1492,359,32,469103.37,2026-07-09T18:04:31,NEFT,MPCI8581970150196
1493,461,208,403822.07,2026-08-13T21:03:31,UPI,TPVE0925192018285
1494,187,392,270356.26,2026-07-08T22:50:28,UPI,HHWE9704937958291
1495,338,431,112031.72,2026-07-30T01:17:15,IMPS,RULK1163971492075
1496,168,346,496076.19,2026-08-10T07:09:59,IMPS,JWDZ4248739626259
1497,8,398,494437.8,2026-07-04T10:15:24,UPI,QRHW1249773677244
1498,352,136,75255.22,2026-07-15T06:09:57,UPI,UJGU5497872965715
1499,268,334,87189.94,2026-08-05T02:45:32,CARD,YWJH8029903480424
1500,72,168,484461.38,2026-08-11T09:45:12,CARD,SNBU0094091657376
